[{"model": "contenttypes.contenttype", "pk": 1, "fields": {"app_label": "admin", "model": "logentry"}}, {"model": "contenttypes.contenttype", "pk": 2, "fields": {"app_label": "auth", "model": "permission"}}, {"model": "contenttypes.contenttype", "pk": 3, "fields": {"app_label": "auth", "model": "group"}}, {"model": "contenttypes.contenttype", "pk": 4, "fields": {"app_label": "auth", "model": "user"}}, {"model": "contenttypes.contenttype", "pk": 5, "fields": {"app_label": "contenttypes", "model": "contenttype"}}, {"model": "contenttypes.contenttype", "pk": 6, "fields": {"app_label": "sessions", "model": "session"}}, {"model": "contenttypes.contenttype", "pk": 7, "fields": {"app_label": "store", "model": "category"}}, {"model": "contenttypes.contenttype", "pk": 8, "fields": {"app_label": "store", "model": "manufacturer"}}, {"model": "contenttypes.contenttype", "pk": 9, "fields": {"app_label": "store", "model": "order"}}, {"model": "contenttypes.contenttype", "pk": 10, "fields": {"app_label": "store", "model": "product"}}, {"model": "contenttypes.contenttype", "pk": 11, "fields": {"app_label": "store", "model": "productorderamount"}}, {"model": "contenttypes.contenttype", "pk": 12, "fields": {"app_label": "store", "model": "productimage"}}, {"model": "contenttypes.contenttype", "pk": 13, "fields": {"app_label": "store", "model": "laptopparams"}}, {"model": "contenttypes.contenttype", "pk": 14, "fields": {"app_label": "thumbnail", "model": "kvstore"}}, {"model": "contenttypes.contenttype", "pk": 15, "fields": {"app_label": "store", "model": "productorderdetail"}}, {"model": "contenttypes.contenttype", "pk": 16, "fields": {"app_label": "store", "model": "cart"}}, {"model": "contenttypes.contenttype", "pk": 17, "fields": {"app_label": "corsheaders", "model": "corsmodel"}}, {"model": "contenttypes.contenttype", "pk": 18, "fields": {"app_label": "store", "model": "review"}}, {"model": "contenttypes.contenttype", "pk": 19, "fields": {"app_label": "store", "model": "reviewcomment"}}, {"model": "sessions.session", "pk": "b9h98f6whhuw7n3ntxngqx2dtgactchz", "fields": {"session_data": "Y2RiYjRhZDk1YWFmM2VhMTYwOTg4ODAxYTUwYjUyNTMxYTc4MGM2OTp7Il9hdXRoX3VzZXJfaWQiOiIxIiwiX2F1dGhfdXNlcl9iYWNrZW5kIjoiZGphbmdvLmNvbnRyaWIuYXV0aC5iYWNrZW5kcy5Nb2RlbEJhY2tlbmQiLCJfYXV0aF91c2VyX2hhc2giOiI0OWJiMzMxYmNkMTIzMDEzMGQ3MGFjMzZiYTZmYWYzMTAwZTkyZDg0In0=", "expire_date": "2020-08-08T14:36:04.266Z"}}, {"model": "sessions.session", "pk": "eso7rsz1wf0cw0fok1kbwtcxsk2qawlm", "fields": {"session_data": "YmE4Y2M4YTcwNTEyNWNlZWYwOTZiMGU5ZmQ5Njg4NWNhNTE0ODlmZDp7Il9hdXRoX3VzZXJfaWQiOiIxIiwiX2F1dGhfdXNlcl9iYWNrZW5kIjoiZGphbmdvLmNvbnRyaWIuYXV0aC5iYWNrZW5kcy5Nb2RlbEJhY2tlbmQiLCJfYXV0aF91c2VyX2hhc2giOiI0OWJiMzMxYmNkMTIzMDEzMGQ3MGFjMzZiYTZmYWYzMTAwZTkyZDg0Iiwib3JkZXIiOjE0M30=", "expire_date": "2020-11-23T15:04:57.845Z"}}, {"model": "sessions.session", "pk": "ggvgn8bnk5929jt300jcc3dsriugyyvp", "fields": {"session_data": "Y2RiYjRhZDk1YWFmM2VhMTYwOTg4ODAxYTUwYjUyNTMxYTc4MGM2OTp7Il9hdXRoX3VzZXJfaWQiOiIxIiwiX2F1dGhfdXNlcl9iYWNrZW5kIjoiZGphbmdvLmNvbnRyaWIuYXV0aC5iYWNrZW5kcy5Nb2RlbEJhY2tlbmQiLCJfYXV0aF91c2VyX2hhc2giOiI0OWJiMzMxYmNkMTIzMDEzMGQ3MGFjMzZiYTZmYWYzMTAwZTkyZDg0In0=", "expire_date": "2020-08-08T11:50:30.921Z"}}, {"model": "sessions.session", "pk": "govoefhr5nim3hr95blesmrby8z9pruy", "fields": {"session_data": "NTIzMmYzOTljODRmOGRkNTViY2ViNDhlODhlOGYzZGJlY2E3ZGNhYzp7Il9hdXRoX3VzZXJfaWQiOiIxIiwiX2F1dGhfdXNlcl9iYWNrZW5kIjoiZGphbmdvLmNvbnRyaWIuYXV0aC5iYWNrZW5kcy5Nb2RlbEJhY2tlbmQiLCJfYXV0aF91c2VyX2hhc2giOiI0OWJiMzMxYmNkMTIzMDEzMGQ3MGFjMzZiYTZmYWYzMTAwZTkyZDg0Iiwib3JkZXIiOjE1NX0=", "expire_date": "2020-12-23T17:56:43.681Z"}}, {"model": "sessions.session", "pk": "ts4regn6k1geumita02s1e2bmbj26n96", "fields": {"session_data": "ZTYyYTQxZWE4ZDgwZWRlM2MxNDY2Yjk4ZjAyN2JiZGFlNTg0ZDFmNjp7Im9yZGVyIjoxMX0=", "expire_date": "2020-09-01T11:16:10.298Z"}}, {"model": "sessions.session", "pk": "xgyzaojhzn0ltxk369itgma1uhysn3pb", "fields": {"session_data": "YTcwODJiOWQ3MzA0ZDcxZDBhYmRkMTZhMmNhYmVjYzEyODhlMzg0ODp7Il9hdXRoX3VzZXJfaWQiOiIxIiwiX2F1dGhfdXNlcl9iYWNrZW5kIjoiZGphbmdvLmNvbnRyaWIuYXV0aC5iYWNrZW5kcy5Nb2RlbEJhY2tlbmQiLCJfYXV0aF91c2VyX2hhc2giOiI0OWJiMzMxYmNkMTIzMDEzMGQ3MGFjMzZiYTZmYWYzMTAwZTkyZDg0Iiwib3JkZXIiOjEzOH0=", "expire_date": "2020-10-17T15:21:00.814Z"}}, {"model": "store.category", "pk": 1, "fields": {"parent_cat": null, "title": "Pc", "slug": "pc"}}, {"model": "store.category", "pk": 2, "fields": {"parent_cat": 1, "title": "Laptops", "slug": "laptops"}}, {"model": "store.category", "pk": 3, "fields": {"parent_cat": null, "title": "Cameras", "slug": "cameras"}}, {"model": "store.manufacturer", "pk": 1, "fields": {"name": "HP", "area": [2]}}, {"model": "store.manufacturer", "pk": 2, "fields": {"name": "DELL", "area": [2, 1]}}, {"model": "store.manufacturer", "pk": 3, "fields": {"name": "Canon", "area": [3]}}, {"model": "store.product", "pk": 1, "fields": {"title": "hp pavillion", "slug": "hp-pavillion", "category": 2, "manufacturer": 1, "model_series": "pavillion", "description": "", "in_stock_amount": 100, "warehouse_amount": 0, "total_amount": 100, "price": 20000, "discount_percent": 1, "discount_value": 200, "total_price": 19800, "times_purchased": 71, "is_popular": false}}, {"model": "store.product", "pk": 2, "fields": {"title": "dell laptop", "slug": "dell-laptop", "category": 2, "manufacturer": 2, "model_series": "null", "description": "", "in_stock_amount": 0, "warehouse_amount": 0, "total_amount": 0, "price": 1, "discount_percent": 0, "discount_value": 0, "total_price": 1, "times_purchased": 7, "is_popular": false}}, {"model": "store.product", "pk": 3, "fields": {"title": "Canon 550d", "slug": "canon-550d", "category": 3, "manufacturer": 3, "model_series": "eos", "description": "", "in_stock_amount": 5, "warehouse_amount": 5, "total_amount": 0, "price": 7000, "discount_percent": 2, "discount_value": 140, "total_price": 6860, "times_purchased": 0, "is_popular": false}}, {"model": "store.productimage", "pk": 1, "fields": {"product": 1, "image": "products/5rd-LGsX_400x400_PEbuagj.png", "is_default": true}}, {"model": "store.productimage", "pk": 2, "fields": {"product": 1, "image": "products/hp-250g2_VaE1ysm.jpg", "is_default": false}}, {"model": "store.productimage", "pk": 3, "fields": {"product": 1, "image": "products/Intel-Core-i5-10400-CPU_OnE9eqn.jpg", "is_default": false}}, {"model": "store.productimage", "pk": 4, "fields": {"product": 3, "image": "products/71Vl1WXWGjL._AC_SX355_.jpg", "is_default": true}}, {"model": "store.productimage", "pk": 5, "fields": {"product": 3, "image": "products/55_200II.jpeg", "is_default": false}}, {"model": "store.laptopparams", "pk": 1, "fields": {"product": 1, "processor": "Intel core i5", "physical_memory": "SSD 220G", "ram": "2x4GB", "graphics_card": "nvidia gforce", "screen_size": "15.0", "screen_resolution": "1366x768", "cache_memory": "64mb", "dynamics": "realtek high audio", "mic": "realtek high audio m", "additional_utils": "-", "corpus": "steel", "thickness": "12.0", "weight": "3.0", "autonomous_work_time": "03:00:00", "os": "windows 10 pro"}}, {"model": "store.laptopparams", "pk": 3, "fields": {"product": 2, "processor": "amd", "physical_memory": "amd", "ram": "amd", "graphics_card": "amd", "screen_size": "0.1", "screen_resolution": "amd", "cache_memory": "amd", "dynamics": "amd", "mic": "amd", "additional_utils": "amd", "corpus": "amd", "thickness": "0.1", "weight": "0.1", "autonomous_work_time": "13:04:54", "os": "amd"}}, {"model": "store.productorderdetail", "pk": 1, "fields": {"order": 2, "product": 1, "amount": 4, "total_price": 79200}}, {"model": "store.productorderdetail", "pk": 2, "fields": {"order": 3, "product": 2, "amount": 16, "total_price": 160}}, {"model": "store.productorderdetail", "pk": 3, "fields": {"order": 3, "product": 1, "amount": 15, "total_price": 297000}}, {"model": "store.productorderdetail", "pk": 4, "fields": {"order": 7, "product": 2, "amount": 4, "total_price": 40}}, {"model": "store.productorderdetail", "pk": 5, "fields": {"order": 9, "product": 2, "amount": 5, "total_price": 50}}, {"model": "store.productorderdetail", "pk": 6, "fields": {"order": 9, "product": 1, "amount": 1, "total_price": 19800}}, {"model": "store.productorderdetail", "pk": 7, "fields": {"order": 10, "product": 2, "amount": 1, "total_price": 10}}, {"model": "store.productorderdetail", "pk": 8, "fields": {"order": 12, "product": 2, "amount": 2, "total_price": 20}}, {"model": "store.productorderdetail", "pk": 9, "fields": {"order": 12, "product": 1, "amount": 1, "total_price": 19800}}, {"model": "store.productorderdetail", "pk": 10, "fields": {"order": 13, "product": 2, "amount": 1, "total_price": 10}}, {"model": "store.productorderdetail", "pk": 11, "fields": {"order": 15, "product": 2, "amount": 1, "total_price": 10}}, {"model": "store.productorderdetail", "pk": 12, "fields": {"order": 16, "product": 2, "amount": 1, "total_price": 10}}, {"model": "store.productorderdetail", "pk": 13, "fields": {"order": 16, "product": 1, "amount": 1, "total_price": 19800}}, {"model": "store.productorderdetail", "pk": 14, "fields": {"order": 17, "product": 1, "amount": 1, "total_price": 19800}}, {"model": "store.productorderdetail", "pk": 15, "fields": {"order": 18, "product": 1, "amount": 1, "total_price": 19800}}, {"model": "store.productorderdetail", "pk": 18, "fields": {"order": 26, "product": 1, "amount": 1, "total_price": 19800}}, {"model": "store.productorderdetail", "pk": 19, "fields": {"order": 28, "product": 1, "amount": 1, "total_price": 19800}}, {"model": "store.productorderdetail", "pk": 20, "fields": {"order": 29, "product": 1, "amount": 1, "total_price": 19800}}, {"model": "store.productorderdetail", "pk": 23, "fields": {"order": 32, "product": 2, "amount": 1, "total_price": 1}}, {"model": "store.productorderdetail", "pk": 24, "fields": {"order": 32, "product": 1, "amount": 1, "total_price": 19800}}, {"model": "store.productorderdetail", "pk": 25, "fields": {"order": 33, "product": 2, "amount": 1, "total_price": 1}}, {"model": "store.productorderdetail", "pk": 26, "fields": {"order": 34, "product": 2, "amount": 1, "total_price": 1}}, {"model": "store.productorderdetail", "pk": 27, "fields": {"order": 35, "product": 2, "amount": 1, "total_price": 1}}, {"model": "store.productorderdetail", "pk": 73, "fields": {"order": 64, "product": 2, "amount": 7, "total_price": 7}}, {"model": "store.productorderdetail", "pk": 74, "fields": {"order": 64, "product": 1, "amount": 1, "total_price": 19800}}, {"model": "store.productorderdetail", "pk": 75, "fields": {"order": 65, "product": 2, "amount": 3, "total_price": 3}}, {"model": "store.productorderdetail", "pk": 76, "fields": {"order": 65, "product": 1, "amount": 1, "total_price": 19800}}, {"model": "store.productorderdetail", "pk": 77, "fields": {"order": 66, "product": 1, "amount": 1, "total_price": 19800}}, {"model": "store.productorderdetail", "pk": 78, "fields": {"order": 67, "product": 1, "amount": 1, "total_price": 19800}}, {"model": "store.productorderdetail", "pk": 79, "fields": {"order": 68, "product": 1, "amount": 1, "total_price": 19800}}, {"model": "store.productorderdetail", "pk": 80, "fields": {"order": 69, "product": 1, "amount": 1, "total_price": 19800}}, {"model": "store.productorderdetail", "pk": 81, "fields": {"order": 70, "product": 1, "amount": 3, "total_price": 59400}}, {"model": "store.productorderdetail", "pk": 82, "fields": {"order": 71, "product": 1, "amount": 1, "total_price": 19800}}, {"model": "store.productorderdetail", "pk": 83, "fields": {"order": 72, "product": 2, "amount": 1, "total_price": 1}}, {"model": "store.productorderdetail", "pk": 84, "fields": {"order": 73, "product": 1, "amount": 1, "total_price": 19800}}, {"model": "store.productorderdetail", "pk": 85, "fields": {"order": 74, "product": 1, "amount": 1, "total_price": 19800}}, {"model": "store.productorderdetail", "pk": 86, "fields": {"order": 75, "product": 1, "amount": 1, "total_price": 19800}}, {"model": "store.productorderdetail", "pk": 87, "fields": {"order": 76, "product": 1, "amount": 1, "total_price": 19800}}, {"model": "store.productorderdetail", "pk": 88, "fields": {"order": 77, "product": 1, "amount": 1, "total_price": 19800}}, {"model": "store.productorderdetail", "pk": 89, "fields": {"order": 78, "product": 1, "amount": 1, "total_price": 19800}}, {"model": "store.productorderdetail", "pk": 90, "fields": {"order": 79, "product": 1, "amount": 6, "total_price": 118800}}, {"model": "store.productorderdetail", "pk": 91, "fields": {"order": 80, "product": 1, "amount": 1, "total_price": 19800}}, {"model": "store.productorderdetail", "pk": 92, "fields": {"order": 81, "product": 1, "amount": 1, "total_price": 19800}}, {"model": "store.productorderdetail", "pk": 93, "fields": {"order": 82, "product": 1, "amount": 1, "total_price": 19800}}, {"model": "store.productorderdetail", "pk": 94, "fields": {"order": 83, "product": 1, "amount": 1, "total_price": 19800}}, {"model": "store.productorderdetail", "pk": 95, "fields": {"order": 84, "product": 2, "amount": 1, "total_price": 1}}, {"model": "store.productorderdetail", "pk": 96, "fields": {"order": 85, "product": 2, "amount": 1, "total_price": 1}}, {"model": "store.productorderdetail", "pk": 97, "fields": {"order": 86, "product": 2, "amount": 4, "total_price": 4}}, {"model": "store.productorderdetail", "pk": 98, "fields": {"order": 86, "product": 3, "amount": 1, "total_price": 6860}}, {"model": "store.productorderdetail", "pk": 104, "fields": {"order": 91, "product": 1, "amount": 20, "total_price": 396000}}, {"model": "store.productorderdetail", "pk": 106, "fields": {"order": 93, "product": 1, "amount": 20, "total_price": 396000}}, {"model": "store.productorderdetail", "pk": 145, "fields": {"order": 137, "product": 2, "amount": 2, "total_price": 2}}, {"model": "store.productorderdetail", "pk": 147, "fields": {"order": 148, "product": 1, "amount": 1, "total_price": 19800}}, {"model": "store.productorderdetail", "pk": 148, "fields": {"order": 149, "product": 1, "amount": 1, "total_price": 19800}}, {"model": "store.productorderdetail", "pk": 149, "fields": {"order": 150, "product": 1, "amount": 1, "total_price": 19800}}, {"model": "store.productorderdetail", "pk": 150, "fields": {"order": 152, "product": 1, "amount": 1, "total_price": 19800}}, {"model": "store.productorderdetail", "pk": 151, "fields": {"order": 153, "product": 1, "amount": 3, "total_price": 59400}}, {"model": "store.productorderdetail", "pk": 152, "fields": {"order": 155, "product": 1, "amount": 8, "total_price": 158400}}, {"model": "thumbnail.kvstore", "pk": "sorl-thumbnail||image||115c64d785c4b23101a49f072429d0e9", "fields": {"value": "{\"name\": \"cache/8e/d0/8ed05d3468e763b61e53ad7c70c2350f.jpg\", \"storage\": \"django.core.files.storage.FileSystemStorage\", \"size\": [300, 265]}"}}, {"model": "thumbnail.kvstore", "pk": "sorl-thumbnail||image||19847656091b8253c0eba3080431e17b", "fields": {"value": "{\"name\": \"products/Intel-Core-i5-10400-CPU_OnE9eqn.jpg\", \"storage\": \"django.core.files.storage.FileSystemStorage\", \"size\": [1715, 807]}"}}, {"model": "thumbnail.kvstore", "pk": "sorl-thumbnail||image||2430b1937cec1abee003a822de4ab4d0", "fields": {"value": "{\"name\": \"cache/2e/41/2e41caef715c626804e42c8f3bc32d26.jpg\", \"storage\": \"django.core.files.storage.FileSystemStorage\", \"size\": [100, 50]}"}}, {"model": "thumbnail.kvstore", "pk": "sorl-thumbnail||image||30ead3ffc5ee0d1086c3f86c3da50bfd", "fields": {"value": "{\"name\": \"cache/a0/37/a037b6249b7a5f2942624d62bf47119b.png\", \"storage\": \"django.core.files.storage.FileSystemStorage\", \"size\": [100, 100]}"}}, {"model": "thumbnail.kvstore", "pk": "sorl-thumbnail||image||3fc0191b05698ab914744220249a0c37", "fields": {"value": "{\"name\": \"cache/7f/39/7f394775389a5fa338d7e329d04bccab.png\", \"storage\": \"django.core.files.storage.FileSystemStorage\", \"size\": [300, 300]}"}}, {"model": "thumbnail.kvstore", "pk": "sorl-thumbnail||image||42901bd63b1822ca559b714060f1179b", "fields": {"value": "{\"name\": \"cache/63/83/63835b0f93646df88fc5974d8a1f24b3.jpg\", \"storage\": \"django.core.files.storage.FileSystemStorage\", \"size\": [300, 150]}"}}, {"model": "thumbnail.kvstore", "pk": "sorl-thumbnail||image||4ce5ffd0e4206b010b387e084395ec85", "fields": {"value": "{\"name\": \"products/55_200II.jpeg\", \"storage\": \"django.core.files.storage.FileSystemStorage\", \"size\": [900, 579]}"}}, {"model": "thumbnail.kvstore", "pk": "sorl-thumbnail||image||52ace9f169488afc1f7e14a8994b2fad", "fields": {"value": "{\"name\": \"cache/48/6a/486a576dd19735f9a0f0ef2cb6bc62f4.jpg\", \"storage\": \"django.core.files.storage.FileSystemStorage\", \"size\": [100, 64]}"}}, {"model": "thumbnail.kvstore", "pk": "sorl-thumbnail||image||5605e9f24a41552964a3d19e0aa6dda9", "fields": {"value": "{\"name\": \"cache/48/c8/48c8ce56b3048ac69b615b64e6afb03c.png\", \"storage\": \"django.core.files.storage.FileSystemStorage\", \"size\": [250, 250]}"}}, {"model": "thumbnail.kvstore", "pk": "sorl-thumbnail||image||6c5d687cae4cd4a2a5c6354e5bdb50e2", "fields": {"value": "{\"name\": \"cache/d3/5b/d35beabf1a3fa7ebff449ff83341496d.jpg\", \"storage\": \"django.core.files.storage.FileSystemStorage\", \"size\": [100, 47]}"}}, {"model": "thumbnail.kvstore", "pk": "sorl-thumbnail||image||7c7fc0e8137294e8fe3057953773181b", "fields": {"value": "{\"name\": \"products/hp-250g2_VaE1ysm.jpg\", \"storage\": \"django.core.files.storage.FileSystemStorage\", \"size\": [1280, 720]}"}}, {"model": "thumbnail.kvstore", "pk": "sorl-thumbnail||image||8dd6ed087f40a58ed4d9ad0935637f35", "fields": {"value": "{\"name\": \"cache/2e/6f/2e6fb0d712282caa806dd540d9c5a5ef.jpg\", \"storage\": \"django.core.files.storage.FileSystemStorage\", \"size\": [100, 56]}"}}, {"model": "thumbnail.kvstore", "pk": "sorl-thumbnail||image||9b45163b52192cc2b688968e91206afb", "fields": {"value": "{\"name\": \"cache/e7/b6/e7b62205cabae6ae03e76ee8fb91a0c9.jpg\", \"storage\": \"django.core.files.storage.FileSystemStorage\", \"size\": [100, 50]}"}}, {"model": "thumbnail.kvstore", "pk": "sorl-thumbnail||image||af34ea5bacdbbabcd8f589594572beae", "fields": {"value": "{\"name\": \"cache/27/7f/277f9f4290c959647e056d8042ecdbe4.jpg\", \"storage\": \"django.core.files.storage.FileSystemStorage\", \"size\": [250, 220]}"}}, {"model": "thumbnail.kvstore", "pk": "sorl-thumbnail||image||b9bf6ac091c8dc281d361263933943fb", "fields": {"value": "{\"name\": \"cache/e2/52/e2526636aceab9043d947758ed576d46.jpg\", \"storage\": \"django.core.files.storage.FileSystemStorage\", \"size\": [300, 200]}"}}, {"model": "thumbnail.kvstore", "pk": "sorl-thumbnail||image||bc7a9947bce6079c05e4b18e23aceca3", "fields": {"value": "{\"name\": \"cache/05/68/05685f36fe66a59b6dd6f461fe420585.jpg\", \"storage\": \"django.core.files.storage.FileSystemStorage\", \"size\": [100, 50]}"}}, {"model": "thumbnail.kvstore", "pk": "sorl-thumbnail||image||de01966db3ef2df1e610950993ba4f56", "fields": {"value": "{\"name\": \"products/5rd-LGsX_400x400_PEbuagj.png\", \"storage\": \"django.core.files.storage.FileSystemStorage\", \"size\": [400, 400]}"}}, {"model": "thumbnail.kvstore", "pk": "sorl-thumbnail||image||df892a07da5ce933b5c3952546778d46", "fields": {"value": "{\"name\": \"products/71Vl1WXWGjL._AC_SX355_.jpg\", \"storage\": \"django.core.files.storage.FileSystemStorage\", \"size\": [355, 313]}"}}, {"model": "thumbnail.kvstore", "pk": "sorl-thumbnail||thumbnails||19847656091b8253c0eba3080431e17b", "fields": {"value": "[\"6c5d687cae4cd4a2a5c6354e5bdb50e2\", \"bc7a9947bce6079c05e4b18e23aceca3\"]"}}, {"model": "thumbnail.kvstore", "pk": "sorl-thumbnail||thumbnails||4ce5ffd0e4206b010b387e084395ec85", "fields": {"value": "[\"2430b1937cec1abee003a822de4ab4d0\", \"52ace9f169488afc1f7e14a8994b2fad\"]"}}, {"model": "thumbnail.kvstore", "pk": "sorl-thumbnail||thumbnails||7c7fc0e8137294e8fe3057953773181b", "fields": {"value": "[\"8dd6ed087f40a58ed4d9ad0935637f35\", \"9b45163b52192cc2b688968e91206afb\"]"}}, {"model": "thumbnail.kvstore", "pk": "sorl-thumbnail||thumbnails||de01966db3ef2df1e610950993ba4f56", "fields": {"value": "[\"3fc0191b05698ab914744220249a0c37\", \"5605e9f24a41552964a3d19e0aa6dda9\", \"30ead3ffc5ee0d1086c3f86c3da50bfd\"]"}}, {"model": "thumbnail.kvstore", "pk": "sorl-thumbnail||thumbnails||df892a07da5ce933b5c3952546778d46", "fields": {"value": "[\"115c64d785c4b23101a49f072429d0e9\", \"af34ea5bacdbbabcd8f589594572beae\", \"42901bd63b1822ca559b714060f1179b\", \"b9bf6ac091c8dc281d361263933943fb\"]"}}, {"model": "auth.permission", "pk": 1, "fields": {"name": "Can add log entry", "content_type": 1, "codename": "add_logentry"}}, {"model": "auth.permission", "pk": 2, "fields": {"name": "Can change log entry", "content_type": 1, "codename": "change_logentry"}}, {"model": "auth.permission", "pk": 3, "fields": {"name": "Can delete log entry", "content_type": 1, "codename": "delete_logentry"}}, {"model": "auth.permission", "pk": 4, "fields": {"name": "Can view log entry", "content_type": 1, "codename": "view_logentry"}}, {"model": "auth.permission", "pk": 5, "fields": {"name": "Can add permission", "content_type": 2, "codename": "add_permission"}}, {"model": "auth.permission", "pk": 6, "fields": {"name": "Can change permission", "content_type": 2, "codename": "change_permission"}}, {"model": "auth.permission", "pk": 7, "fields": {"name": "Can delete permission", "content_type": 2, "codename": "delete_permission"}}, {"model": "auth.permission", "pk": 8, "fields": {"name": "Can view permission", "content_type": 2, "codename": "view_permission"}}, {"model": "auth.permission", "pk": 9, "fields": {"name": "Can add group", "content_type": 3, "codename": "add_group"}}, {"model": "auth.permission", "pk": 10, "fields": {"name": "Can change group", "content_type": 3, "codename": "change_group"}}, {"model": "auth.permission", "pk": 11, "fields": {"name": "Can delete group", "content_type": 3, "codename": "delete_group"}}, {"model": "auth.permission", "pk": 12, "fields": {"name": "Can view group", "content_type": 3, "codename": "view_group"}}, {"model": "auth.permission", "pk": 13, "fields": {"name": "Can add user", "content_type": 4, "codename": "add_user"}}, {"model": "auth.permission", "pk": 14, "fields": {"name": "Can change user", "content_type": 4, "codename": "change_user"}}, {"model": "auth.permission", "pk": 15, "fields": {"name": "Can delete user", "content_type": 4, "codename": "delete_user"}}, {"model": "auth.permission", "pk": 16, "fields": {"name": "Can view user", "content_type": 4, "codename": "view_user"}}, {"model": "auth.permission", "pk": 17, "fields": {"name": "Can add content type", "content_type": 5, "codename": "add_contenttype"}}, {"model": "auth.permission", "pk": 18, "fields": {"name": "Can change content type", "content_type": 5, "codename": "change_contenttype"}}, {"model": "auth.permission", "pk": 19, "fields": {"name": "Can delete content type", "content_type": 5, "codename": "delete_contenttype"}}, {"model": "auth.permission", "pk": 20, "fields": {"name": "Can view content type", "content_type": 5, "codename": "view_contenttype"}}, {"model": "auth.permission", "pk": 21, "fields": {"name": "Can add session", "content_type": 6, "codename": "add_session"}}, {"model": "auth.permission", "pk": 22, "fields": {"name": "Can change session", "content_type": 6, "codename": "change_session"}}, {"model": "auth.permission", "pk": 23, "fields": {"name": "Can delete session", "content_type": 6, "codename": "delete_session"}}, {"model": "auth.permission", "pk": 24, "fields": {"name": "Can view session", "content_type": 6, "codename": "view_session"}}, {"model": "auth.permission", "pk": 25, "fields": {"name": "Can add category", "content_type": 7, "codename": "add_category"}}, {"model": "auth.permission", "pk": 26, "fields": {"name": "Can change category", "content_type": 7, "codename": "change_category"}}, {"model": "auth.permission", "pk": 27, "fields": {"name": "Can delete category", "content_type": 7, "codename": "delete_category"}}, {"model": "auth.permission", "pk": 28, "fields": {"name": "Can view category", "content_type": 7, "codename": "view_category"}}, {"model": "auth.permission", "pk": 29, "fields": {"name": "Can add manufacturer", "content_type": 8, "codename": "add_manufacturer"}}, {"model": "auth.permission", "pk": 30, "fields": {"name": "Can change manufacturer", "content_type": 8, "codename": "change_manufacturer"}}, {"model": "auth.permission", "pk": 31, "fields": {"name": "Can delete manufacturer", "content_type": 8, "codename": "delete_manufacturer"}}, {"model": "auth.permission", "pk": 32, "fields": {"name": "Can view manufacturer", "content_type": 8, "codename": "view_manufacturer"}}, {"model": "auth.permission", "pk": 33, "fields": {"name": "Can add order", "content_type": 9, "codename": "add_order"}}, {"model": "auth.permission", "pk": 34, "fields": {"name": "Can change order", "content_type": 9, "codename": "change_order"}}, {"model": "auth.permission", "pk": 35, "fields": {"name": "Can delete order", "content_type": 9, "codename": "delete_order"}}, {"model": "auth.permission", "pk": 36, "fields": {"name": "Can view order", "content_type": 9, "codename": "view_order"}}, {"model": "auth.permission", "pk": 37, "fields": {"name": "Can add product", "content_type": 10, "codename": "add_product"}}, {"model": "auth.permission", "pk": 38, "fields": {"name": "Can change product", "content_type": 10, "codename": "change_product"}}, {"model": "auth.permission", "pk": 39, "fields": {"name": "Can delete product", "content_type": 10, "codename": "delete_product"}}, {"model": "auth.permission", "pk": 40, "fields": {"name": "Can view product", "content_type": 10, "codename": "view_product"}}, {"model": "auth.permission", "pk": 41, "fields": {"name": "Can add product order amount", "content_type": 11, "codename": "add_productorderamount"}}, {"model": "auth.permission", "pk": 42, "fields": {"name": "Can change product order amount", "content_type": 11, "codename": "change_productorderamount"}}, {"model": "auth.permission", "pk": 43, "fields": {"name": "Can delete product order amount", "content_type": 11, "codename": "delete_productorderamount"}}, {"model": "auth.permission", "pk": 44, "fields": {"name": "Can view product order amount", "content_type": 11, "codename": "view_productorderamount"}}, {"model": "auth.permission", "pk": 45, "fields": {"name": "Can add product image", "content_type": 12, "codename": "add_productimage"}}, {"model": "auth.permission", "pk": 46, "fields": {"name": "Can change product image", "content_type": 12, "codename": "change_productimage"}}, {"model": "auth.permission", "pk": 47, "fields": {"name": "Can delete product image", "content_type": 12, "codename": "delete_productimage"}}, {"model": "auth.permission", "pk": 48, "fields": {"name": "Can view product image", "content_type": 12, "codename": "view_productimage"}}, {"model": "auth.permission", "pk": 49, "fields": {"name": "Can add laptop param", "content_type": 13, "codename": "add_laptopparam"}}, {"model": "auth.permission", "pk": 50, "fields": {"name": "Can change laptop param", "content_type": 13, "codename": "change_laptopparam"}}, {"model": "auth.permission", "pk": 51, "fields": {"name": "Can delete laptop param", "content_type": 13, "codename": "delete_laptopparam"}}, {"model": "auth.permission", "pk": 52, "fields": {"name": "Can view laptop param", "content_type": 13, "codename": "view_laptopparam"}}, {"model": "auth.permission", "pk": 53, "fields": {"name": "Can add kv store", "content_type": 14, "codename": "add_kvstore"}}, {"model": "auth.permission", "pk": 54, "fields": {"name": "Can change kv store", "content_type": 14, "codename": "change_kvstore"}}, {"model": "auth.permission", "pk": 55, "fields": {"name": "Can delete kv store", "content_type": 14, "codename": "delete_kvstore"}}, {"model": "auth.permission", "pk": 56, "fields": {"name": "Can view kv store", "content_type": 14, "codename": "view_kvstore"}}, {"model": "auth.permission", "pk": 57, "fields": {"name": "Can add product order detail", "content_type": 15, "codename": "add_productorderdetail"}}, {"model": "auth.permission", "pk": 58, "fields": {"name": "Can change product order detail", "content_type": 15, "codename": "change_productorderdetail"}}, {"model": "auth.permission", "pk": 59, "fields": {"name": "Can delete product order detail", "content_type": 15, "codename": "delete_productorderdetail"}}, {"model": "auth.permission", "pk": 60, "fields": {"name": "Can view product order detail", "content_type": 15, "codename": "view_productorderdetail"}}, {"model": "auth.permission", "pk": 61, "fields": {"name": "Can add cart", "content_type": 16, "codename": "add_cart"}}, {"model": "auth.permission", "pk": 62, "fields": {"name": "Can change cart", "content_type": 16, "codename": "change_cart"}}, {"model": "auth.permission", "pk": 63, "fields": {"name": "Can delete cart", "content_type": 16, "codename": "delete_cart"}}, {"model": "auth.permission", "pk": 64, "fields": {"name": "Can view cart", "content_type": 16, "codename": "view_cart"}}, {"model": "auth.permission", "pk": 65, "fields": {"name": "Can add cors model", "content_type": 17, "codename": "add_corsmodel"}}, {"model": "auth.permission", "pk": 66, "fields": {"name": "Can change cors model", "content_type": 17, "codename": "change_corsmodel"}}, {"model": "auth.permission", "pk": 67, "fields": {"name": "Can delete cors model", "content_type": 17, "codename": "delete_corsmodel"}}, {"model": "auth.permission", "pk": 68, "fields": {"name": "Can view cors model", "content_type": 17, "codename": "view_corsmodel"}}, {"model": "auth.permission", "pk": 69, "fields": {"name": "Can add laptops params", "content_type": 13, "codename": "add_laptopsparams"}}, {"model": "auth.permission", "pk": 70, "fields": {"name": "Can change laptops params", "content_type": 13, "codename": "change_laptopsparams"}}, {"model": "auth.permission", "pk": 71, "fields": {"name": "Can delete laptops params", "content_type": 13, "codename": "delete_laptopsparams"}}, {"model": "auth.permission", "pk": 72, "fields": {"name": "Can view laptops params", "content_type": 13, "codename": "view_laptopsparams"}}, {"model": "auth.permission", "pk": 73, "fields": {"name": "Can add laptop params", "content_type": 13, "codename": "add_laptopparams"}}, {"model": "auth.permission", "pk": 74, "fields": {"name": "Can change laptop params", "content_type": 13, "codename": "change_laptopparams"}}, {"model": "auth.permission", "pk": 75, "fields": {"name": "Can delete laptop params", "content_type": 13, "codename": "delete_laptopparams"}}, {"model": "auth.permission", "pk": 76, "fields": {"name": "Can view laptop params", "content_type": 13, "codename": "view_laptopparams"}}, {"model": "auth.permission", "pk": 77, "fields": {"name": "Can add review", "content_type": 18, "codename": "add_review"}}, {"model": "auth.permission", "pk": 78, "fields": {"name": "Can change review", "content_type": 18, "codename": "change_review"}}, {"model": "auth.permission", "pk": 79, "fields": {"name": "Can delete review", "content_type": 18, "codename": "delete_review"}}, {"model": "auth.permission", "pk": 80, "fields": {"name": "Can view review", "content_type": 18, "codename": "view_review"}}, {"model": "auth.permission", "pk": 81, "fields": {"name": "Can add review comment", "content_type": 19, "codename": "add_reviewcomment"}}, {"model": "auth.permission", "pk": 82, "fields": {"name": "Can change review comment", "content_type": 19, "codename": "change_reviewcomment"}}, {"model": "auth.permission", "pk": 83, "fields": {"name": "Can delete review comment", "content_type": 19, "codename": "delete_reviewcomment"}}, {"model": "auth.permission", "pk": 84, "fields": {"name": "Can view review comment", "content_type": 19, "codename": "view_reviewcomment"}}, {"model": "auth.group", "pk": 1, "fields": {"name": "Operators", "permissions": [25, 26, 27, 28, 49, 50, 75, 52, 29, 30, 31, 32, 37, 38, 39, 40, 45, 46, 47, 48, 41, 42, 43, 44, 57, 58, 59, 60]}}, {"model": "auth.user", "pk": 1, "fields": {"password": "pbkdf2_sha256$180000$eotitJ7YvRpX$jlu/QTecAWSGVft+0HJI7midrULSoKc0SZSAa7v9rvM=", "last_login": "2020-12-09T16:52:40.276Z", "is_superuser": true, "username": "maxaliev", "first_name": "", "last_name": "", "email": "", "is_staff": true, "is_active": true, "date_joined": "2020-07-25T11:50:21Z", "groups": [], "user_permissions": []}}, {"model": "auth.user", "pk": 2, "fields": {"password": "7610Pers", "last_login": null, "is_superuser": false, "username": "max", "first_name": "max", "last_name": "aliev", "email": "imaxaliev@gmail.com", "is_staff": false, "is_active": true, "date_joined": "2020-11-04T12:55:54.993Z", "groups": [], "user_permissions": []}}, {"model": "auth.user", "pk": 3, "fields": {"password": "top_secret", "last_login": null, "is_superuser": false, "username": "maxim", "first_name": "Max", "last_name": "Aliev", "email": "imaxaliev@gmail.co", "is_staff": false, "is_active": true, "date_joined": "2020-11-09T06:01:00.068Z", "groups": [], "user_permissions": []}}, {"model": "auth.user", "pk": 4, "fields": {"password": "top_secret", "last_login": null, "is_superuser": false, "username": "max1", "first_name": "max", "last_name": "aliev", "email": "imaxaliev@gmail.ru", "is_staff": false, "is_active": true, "date_joined": "2020-11-09T06:08:20.719Z", "groups": [], "user_permissions": []}}, {"model": "auth.user", "pk": 5, "fields": {"password": "7610Pers", "last_login": null, "is_superuser": false, "username": "max3", "first_name": "max", "last_name": "aliev", "email": "imaxaliev@gmail.ru", "is_staff": false, "is_active": true, "date_joined": "2020-11-09T06:11:49.880Z", "groups": [], "user_permissions": []}}, {"model": "auth.user", "pk": 6, "fields": {"password": "1", "last_login": null, "is_superuser": false, "username": "1", "first_name": "max", "last_name": "Aliev", "email": "anxious.mind17@gmail.com", "is_staff": false, "is_active": true, "date_joined": "2020-11-09T13:11:04.299Z", "groups": [], "user_permissions": []}}, {"model": "auth.user", "pk": 7, "fields": {"password": "pbkdf2_sha256$180000$BlP48bDVQWIN$ObSSDSavGGTEJp7qHhJ/K+KpTrwKSV0wypp6uvfD+DA=", "last_login": "2020-12-01T19:06:41.533Z", "is_superuser": false, "username": "maxal", "first_name": "zzz", "last_name": "zzz", "email": "zzz@gmail.com", "is_staff": false, "is_active": true, "date_joined": "2020-12-01T18:58:11Z", "groups": [1], "user_permissions": [33, 34, 35, 36]}}, {"model": "store.order", "pk": 2, "fields": {"buyer": 1, "payment_method": "On receipt", "shipping_method": "Pickup", "status": "In process", "payment_status": "Awaits payment", "total_price": 0, "draft": true, "custom_id": null, "creation_date": "2020-10-07T19:51:49.461Z", "products": [1]}}, {"model": "store.order", "pk": 3, "fields": {"buyer": 1, "payment_method": "On receipt", "shipping_method": "Pickup", "status": "In process", "payment_status": "Awaits payment", "total_price": 297160, "draft": true, "custom_id": null, "creation_date": "2020-10-07T19:51:49.461Z", "products": [2, 1]}}, {"model": "store.order", "pk": 4, "fields": {"buyer": null, "payment_method": "On receipt", "shipping_method": "Pickup", "status": "In process", "payment_status": "Awaits payment", "total_price": 0, "draft": true, "custom_id": null, "creation_date": "2020-10-07T19:51:49.461Z", "products": []}}, {"model": "store.order", "pk": 5, "fields": {"buyer": null, "payment_method": "On receipt", "shipping_method": "Pickup", "status": "In process", "payment_status": "Awaits payment", "total_price": 0, "draft": true, "custom_id": null, "creation_date": "2020-10-07T19:51:49.461Z", "products": []}}, {"model": "store.order", "pk": 6, "fields": {"buyer": null, "payment_method": "On receipt", "shipping_method": "Pickup", "status": "In process", "payment_status": "Awaits payment", "total_price": 0, "draft": true, "custom_id": null, "creation_date": "2020-10-07T19:51:49.461Z", "products": []}}, {"model": "store.order", "pk": 7, "fields": {"buyer": null, "payment_method": "On receipt", "shipping_method": "Pickup", "status": "In process", "payment_status": "Awaits payment", "total_price": 40, "draft": true, "custom_id": null, "creation_date": "2020-10-07T19:51:49.461Z", "products": [2]}}, {"model": "store.order", "pk": 8, "fields": {"buyer": null, "payment_method": "On receipt", "shipping_method": "Pickup", "status": "In process", "payment_status": "Awaits payment", "total_price": 0, "draft": true, "custom_id": null, "creation_date": "2020-10-07T19:51:49.461Z", "products": []}}, {"model": "store.order", "pk": 9, "fields": {"buyer": null, "payment_method": "On receipt", "shipping_method": "Pickup", "status": "In process", "payment_status": "Awaits payment", "total_price": 19850, "draft": true, "custom_id": null, "creation_date": "2020-10-07T19:51:49.461Z", "products": [2, 1]}}, {"model": "store.order", "pk": 10, "fields": {"buyer": null, "payment_method": "On receipt", "shipping_method": "Pickup", "status": "In process", "payment_status": "Awaits payment", "total_price": 10, "draft": true, "custom_id": null, "creation_date": "2020-10-07T19:51:49.461Z", "products": [2]}}, {"model": "store.order", "pk": 11, "fields": {"buyer": null, "payment_method": "On receipt", "shipping_method": "Pickup", "status": "In process", "payment_status": "Awaits payment", "total_price": 0, "draft": true, "custom_id": null, "creation_date": "2020-10-07T19:51:49.461Z", "products": []}}, {"model": "store.order", "pk": 12, "fields": {"buyer": null, "payment_method": "On receipt", "shipping_method": "Pickup", "status": "In process", "payment_status": "Awaits payment", "total_price": 19820, "draft": true, "custom_id": null, "creation_date": "2020-10-07T19:51:49.461Z", "products": [2, 1]}}, {"model": "store.order", "pk": 13, "fields": {"buyer": 1, "payment_method": "On receipt", "shipping_method": "Pickup", "status": "In process", "payment_status": "Awaits payment", "total_price": 10, "draft": true, "custom_id": null, "creation_date": "2020-10-07T19:51:49.461Z", "products": [2]}}, {"model": "store.order", "pk": 14, "fields": {"buyer": 1, "payment_method": "On receipt", "shipping_method": "Pickup", "status": "In process", "payment_status": "Awaits payment", "total_price": 0, "draft": true, "custom_id": null, "creation_date": "2020-10-07T19:51:49.461Z", "products": []}}, {"model": "store.order", "pk": 15, "fields": {"buyer": 1, "payment_method": "On receipt", "shipping_method": "Pickup", "status": "In process", "payment_status": "Awaits payment", "total_price": 10, "draft": true, "custom_id": null, "creation_date": "2020-10-07T19:51:49.461Z", "products": [2]}}, {"model": "store.order", "pk": 16, "fields": {"buyer": null, "payment_method": "On receipt", "shipping_method": "Pickup", "status": "In process", "payment_status": "Awaits payment", "total_price": 19810, "draft": true, "custom_id": null, "creation_date": "2020-10-07T19:51:49.461Z", "products": [2, 1]}}, {"model": "store.order", "pk": 17, "fields": {"buyer": 1, "payment_method": "On receipt", "shipping_method": "Pickup", "status": "In process", "payment_status": "Awaits payment", "total_price": 19800, "draft": true, "custom_id": null, "creation_date": "2020-10-07T19:51:49.461Z", "products": [1]}}, {"model": "store.order", "pk": 18, "fields": {"buyer": null, "payment_method": "On receipt", "shipping_method": "Pickup", "status": "In process", "payment_status": "Awaits payment", "total_price": 19800, "draft": true, "custom_id": null, "creation_date": "2020-10-07T19:51:49.461Z", "products": [1]}}, {"model": "store.order", "pk": 19, "fields": {"buyer": null, "payment_method": "On receipt", "shipping_method": "Pickup", "status": "In process", "payment_status": "Awaits payment", "total_price": 0, "draft": true, "custom_id": null, "creation_date": "2020-10-07T19:51:49.461Z", "products": []}}, {"model": "store.order", "pk": 20, "fields": {"buyer": null, "payment_method": "On receipt", "shipping_method": "Pickup", "status": "In process", "payment_status": "Awaits payment", "total_price": 0, "draft": true, "custom_id": null, "creation_date": "2020-10-07T19:51:49.461Z", "products": []}}, {"model": "store.order", "pk": 21, "fields": {"buyer": null, "payment_method": "On receipt", "shipping_method": "Pickup", "status": "In process", "payment_status": "Awaits payment", "total_price": 0, "draft": true, "custom_id": null, "creation_date": "2020-10-07T19:51:49.461Z", "products": []}}, {"model": "store.order", "pk": 22, "fields": {"buyer": null, "payment_method": "On receipt", "shipping_method": "Pickup", "status": "In process", "payment_status": "Awaits payment", "total_price": 0, "draft": true, "custom_id": null, "creation_date": "2020-10-07T19:51:49.461Z", "products": []}}, {"model": "store.order", "pk": 23, "fields": {"buyer": null, "payment_method": "On receipt", "shipping_method": "Pickup", "status": "In process", "payment_status": "Awaits payment", "total_price": 0, "draft": true, "custom_id": null, "creation_date": "2020-10-07T19:51:49.461Z", "products": []}}, {"model": "store.order", "pk": 26, "fields": {"buyer": null, "payment_method": "On receipt", "shipping_method": "Pickup", "status": "In process", "payment_status": "Awaits payment", "total_price": 19800, "draft": true, "custom_id": null, "creation_date": "2020-10-07T19:51:49.461Z", "products": [1]}}, {"model": "store.order", "pk": 27, "fields": {"buyer": 1, "payment_method": "On receipt", "shipping_method": "Pickup", "status": "In process", "payment_status": "Awaits payment", "total_price": 0, "draft": true, "custom_id": null, "creation_date": "2020-10-07T19:51:49.461Z", "products": []}}, {"model": "store.order", "pk": 28, "fields": {"buyer": null, "payment_method": "On receipt", "shipping_method": "Pickup", "status": "In process", "payment_status": "Awaits payment", "total_price": 19800, "draft": true, "custom_id": null, "creation_date": "2020-10-07T19:51:49.461Z", "products": [1]}}, {"model": "store.order", "pk": 29, "fields": {"buyer": 1, "payment_method": "On receipt", "shipping_method": "Pickup", "status": "In process", "payment_status": "Awaits payment", "total_price": 19800, "draft": true, "custom_id": null, "creation_date": "2020-10-07T19:51:49.461Z", "products": [1]}}, {"model": "store.order", "pk": 32, "fields": {"buyer": null, "payment_method": "On receipt", "shipping_method": "Pickup", "status": "In process", "payment_status": "Awaits payment", "total_price": 19801, "draft": true, "custom_id": null, "creation_date": "2020-10-07T19:51:49.461Z", "products": [2, 1]}}, {"model": "store.order", "pk": 33, "fields": {"buyer": null, "payment_method": "On receipt", "shipping_method": "Pickup", "status": "In process", "payment_status": "Awaits payment", "total_price": 1, "draft": true, "custom_id": null, "creation_date": "2020-10-07T19:51:49.461Z", "products": [2]}}, {"model": "store.order", "pk": 34, "fields": {"buyer": null, "payment_method": "On receipt", "shipping_method": "Pickup", "status": "In process", "payment_status": "Awaits payment", "total_price": 1, "draft": true, "custom_id": null, "creation_date": "2020-10-07T19:51:49.461Z", "products": [2]}}, {"model": "store.order", "pk": 35, "fields": {"buyer": 1, "payment_method": "On receipt", "shipping_method": "Pickup", "status": "In process", "payment_status": "Awaits payment", "total_price": 1, "draft": true, "custom_id": null, "creation_date": "2020-10-07T19:51:49.461Z", "products": [2]}}, {"model": "store.order", "pk": 55, "fields": {"buyer": 1, "payment_method": "On receipt", "shipping_method": "Pickup", "status": "", "payment_status": "Awaits payment", "total_price": 0, "draft": true, "custom_id": null, "creation_date": "2020-10-07T19:51:49.461Z", "products": []}}, {"model": "store.order", "pk": 57, "fields": {"buyer": 1, "payment_method": "On receipt", "shipping_method": "Pickup", "status": "", "payment_status": "Awaits payment", "total_price": 0, "draft": true, "custom_id": null, "creation_date": "2020-10-07T19:51:49.461Z", "products": []}}, {"model": "store.order", "pk": 60, "fields": {"buyer": 1, "payment_method": "On receipt", "shipping_method": "Pickup", "status": "", "payment_status": "Awaits payment", "total_price": 0, "draft": true, "custom_id": null, "creation_date": "2020-10-07T19:51:49.461Z", "products": []}}, {"model": "store.order", "pk": 64, "fields": {"buyer": 1, "payment_method": "On receipt", "shipping_method": "Pickup", "status": "In process", "payment_status": "Awaits payment", "total_price": 19807, "draft": true, "custom_id": null, "creation_date": "2020-10-07T19:51:49.461Z", "products": [2, 1]}}, {"model": "store.order", "pk": 65, "fields": {"buyer": 1, "payment_method": "On receipt", "shipping_method": "Pickup", "status": "In process", "payment_status": "Awaits payment", "total_price": 19803, "draft": true, "custom_id": null, "creation_date": "2020-10-07T19:51:49.461Z", "products": [2, 1]}}, {"model": "store.order", "pk": 66, "fields": {"buyer": 1, "payment_method": "On receipt", "shipping_method": "Pickup", "status": "In process", "payment_status": "Awaits payment", "total_price": 19800, "draft": false, "custom_id": null, "creation_date": "2020-10-07T19:51:49.461Z", "products": [1]}}, {"model": "store.order", "pk": 67, "fields": {"buyer": 1, "payment_method": "On receipt", "shipping_method": "Pickup", "status": "In process", "payment_status": "Awaits payment", "total_price": 19800, "draft": false, "custom_id": 1, "creation_date": "2020-10-07T19:51:49.461Z", "products": [1]}}, {"model": "store.order", "pk": 68, "fields": {"buyer": 1, "payment_method": "On receipt", "shipping_method": "Pickup", "status": "In process", "payment_status": "Awaits payment", "total_price": 19800, "draft": false, "custom_id": 2, "creation_date": "2020-10-07T19:51:49.461Z", "products": [1]}}, {"model": "store.order", "pk": 69, "fields": {"buyer": 1, "payment_method": "On receipt", "shipping_method": "Pickup", "status": "In process", "payment_status": "Awaits payment", "total_price": 19800, "draft": false, "custom_id": 3, "creation_date": "2020-10-07T19:51:49.461Z", "products": [1]}}, {"model": "store.order", "pk": 70, "fields": {"buyer": 1, "payment_method": "On receipt", "shipping_method": "Pickup", "status": "In process", "payment_status": "Awaits payment", "total_price": 59400, "draft": false, "custom_id": 4, "creation_date": "2020-10-07T19:51:49.461Z", "products": [1]}}, {"model": "store.order", "pk": 71, "fields": {"buyer": 1, "payment_method": "On receipt", "shipping_method": "Pickup", "status": "In process", "payment_status": "Awaits payment", "total_price": 19800, "draft": false, "custom_id": 5, "creation_date": "2020-10-07T19:51:49.461Z", "products": [1]}}, {"model": "store.order", "pk": 72, "fields": {"buyer": 1, "payment_method": "On receipt", "shipping_method": "Pickup", "status": "In process", "payment_status": "Awaits payment", "total_price": 1, "draft": false, "custom_id": 6, "creation_date": "2020-10-07T19:51:49.461Z", "products": [2]}}, {"model": "store.order", "pk": 73, "fields": {"buyer": 1, "payment_method": "On receipt", "shipping_method": "Pickup", "status": "In process", "payment_status": "Awaits payment", "total_price": 19800, "draft": false, "custom_id": 7, "creation_date": "2020-10-07T19:51:49.461Z", "products": [1]}}, {"model": "store.order", "pk": 74, "fields": {"buyer": 1, "payment_method": "On receipt", "shipping_method": "Pickup", "status": "In process", "payment_status": "Awaits payment", "total_price": 19800, "draft": false, "custom_id": 8, "creation_date": "2020-10-07T19:51:49.461Z", "products": [1]}}, {"model": "store.order", "pk": 75, "fields": {"buyer": 1, "payment_method": "On receipt", "shipping_method": "Pickup", "status": "In process", "payment_status": "Awaits payment", "total_price": 19800, "draft": false, "custom_id": 9, "creation_date": "2020-10-07T19:51:49.461Z", "products": [1]}}, {"model": "store.order", "pk": 76, "fields": {"buyer": 1, "payment_method": "On receipt", "shipping_method": "Pickup", "status": "In process", "payment_status": "Awaits payment", "total_price": 19800, "draft": false, "custom_id": 10, "creation_date": "2020-10-07T19:51:49.461Z", "products": [1]}}, {"model": "store.order", "pk": 77, "fields": {"buyer": 1, "payment_method": "On receipt", "shipping_method": "Pickup", "status": "In process", "payment_status": "Awaits payment", "total_price": 19800, "draft": false, "custom_id": 11, "creation_date": "2020-10-07T19:51:49.461Z", "products": [1]}}, {"model": "store.order", "pk": 78, "fields": {"buyer": 1, "payment_method": "On receipt", "shipping_method": "Pickup", "status": "In process", "payment_status": "Awaits payment", "total_price": 19800, "draft": false, "custom_id": 12, "creation_date": "2020-10-07T19:51:49.461Z", "products": [1]}}, {"model": "store.order", "pk": 79, "fields": {"buyer": 1, "payment_method": "On receipt", "shipping_method": "Pickup", "status": "In process", "payment_status": "Awaits payment", "total_price": 118800, "draft": false, "custom_id": 13, "creation_date": "2020-10-07T19:51:49.461Z", "products": [1]}}, {"model": "store.order", "pk": 80, "fields": {"buyer": 1, "payment_method": "On receipt", "shipping_method": "Pickup", "status": "In process", "payment_status": "Awaits payment", "total_price": 19800, "draft": false, "custom_id": 14, "creation_date": "2020-10-07T19:51:49.461Z", "products": [1]}}, {"model": "store.order", "pk": 81, "fields": {"buyer": 1, "payment_method": "On receipt", "shipping_method": "Pickup", "status": "In process", "payment_status": "Awaits payment", "total_price": 19800, "draft": false, "custom_id": 15, "creation_date": "2020-10-07T19:51:49.461Z", "products": [1]}}, {"model": "store.order", "pk": 82, "fields": {"buyer": 1, "payment_method": "On receipt", "shipping_method": "Pickup", "status": "In process", "payment_status": "Awaits payment", "total_price": 19800, "draft": false, "custom_id": 16, "creation_date": "2020-10-07T19:51:49.461Z", "products": [1]}}, {"model": "store.order", "pk": 83, "fields": {"buyer": 1, "payment_method": "On receipt", "shipping_method": "Pickup", "status": "In process", "payment_status": "Awaits payment", "total_price": 19800, "draft": false, "custom_id": 17, "creation_date": "2020-10-07T19:51:49.461Z", "products": [1]}}, {"model": "store.order", "pk": 84, "fields": {"buyer": 1, "payment_method": "On receipt", "shipping_method": "Pickup", "status": "In process", "payment_status": "Awaits payment", "total_price": 1, "draft": false, "custom_id": 18, "creation_date": "2020-10-07T19:51:49.461Z", "products": [2]}}, {"model": "store.order", "pk": 85, "fields": {"buyer": 1, "payment_method": "On receipt", "shipping_method": "Pickup", "status": "In process", "payment_status": "Awaits payment", "total_price": 1, "draft": false, "custom_id": 21, "creation_date": "2020-10-07T19:51:49.461Z", "products": [2]}}, {"model": "store.order", "pk": 86, "fields": {"buyer": 1, "payment_method": "On receipt", "shipping_method": "Boxberry", "status": "In process", "payment_status": "Awaits payment", "total_price": 6864, "draft": false, "custom_id": 23, "creation_date": "2020-10-07T19:51:49.461Z", "products": [3, 2]}}, {"model": "store.order", "pk": 91, "fields": {"buyer": 1, "payment_method": "On receipt", "shipping_method": "Pickup", "status": "In process", "payment_status": "Awaits payment", "total_price": 396000, "draft": false, "custom_id": 24, "creation_date": "2020-10-07T19:51:49.461Z", "products": [1]}}, {"model": "store.order", "pk": 93, "fields": {"buyer": 1, "payment_method": "On receipt", "shipping_method": "Store pickup", "status": "Awaiting payment", "payment_status": "Awaits payment", "total_price": 396000, "draft": false, "custom_id": 25, "creation_date": "2020-10-07T19:51:49.461Z", "products": [1]}}, {"model": "store.order", "pk": 94, "fields": {"buyer": 1, "payment_method": "On receipt", "shipping_method": "Pickup", "status": "", "payment_status": "Awaits payment", "total_price": 0, "draft": true, "custom_id": null, "creation_date": "2020-10-07T19:51:49.461Z", "products": []}}, {"model": "store.order", "pk": 96, "fields": {"buyer": 1, "payment_method": "On receipt", "shipping_method": "Pickup", "status": "", "payment_status": "Awaits payment", "total_price": 0, "draft": true, "custom_id": null, "creation_date": "2020-10-07T19:51:49.461Z", "products": []}}, {"model": "store.order", "pk": 111, "fields": {"buyer": 1, "payment_method": "On receipt", "shipping_method": "Pickup", "status": "", "payment_status": "Awaits payment", "total_price": 0, "draft": true, "custom_id": null, "creation_date": "2020-10-07T19:51:49.461Z", "products": []}}, {"model": "store.order", "pk": 113, "fields": {"buyer": 1, "payment_method": "On receipt", "shipping_method": "Pickup", "status": "", "payment_status": "Awaits payment", "total_price": 0, "draft": true, "custom_id": null, "creation_date": "2020-10-07T19:51:49.461Z", "products": []}}, {"model": "store.order", "pk": 114, "fields": {"buyer": 1, "payment_method": "On receipt", "shipping_method": "Pickup", "status": "", "payment_status": "Awaits payment", "total_price": 0, "draft": true, "custom_id": null, "creation_date": "2020-10-07T19:51:49.461Z", "products": []}}, {"model": "store.order", "pk": 132, "fields": {"buyer": 1, "payment_method": "On receipt", "shipping_method": "Pickup", "status": "", "payment_status": "Awaits payment", "total_price": 0, "draft": true, "custom_id": null, "creation_date": "2020-10-07T19:51:49.461Z", "products": []}}, {"model": "store.order", "pk": 137, "fields": {"buyer": 1, "payment_method": "On receipt", "shipping_method": "Store pickup", "status": "Completed", "payment_status": "Awaits payment", "total_price": 2, "draft": false, "custom_id": 26, "creation_date": "2020-10-07T19:51:49.461Z", "products": [2]}}, {"model": "store.order", "pk": 138, "fields": {"buyer": 1, "payment_method": "On receipt", "shipping_method": "Pickup", "status": "", "payment_status": "Awaits payment", "total_price": 0, "draft": true, "custom_id": null, "creation_date": "2020-10-07T19:51:49.461Z", "products": []}}, {"model": "store.order", "pk": 139, "fields": {"buyer": 1, "payment_method": "On receipt", "shipping_method": "Store pickup", "status": "", "payment_status": "Awaits payment", "total_price": 0, "draft": true, "custom_id": null, "creation_date": "2020-10-07T20:08:12.018Z", "products": []}}, {"model": "store.order", "pk": 140, "fields": {"buyer": 1, "payment_method": null, "shipping_method": null, "status": null, "payment_status": "Awaits payment", "total_price": 0, "draft": true, "custom_id": null, "creation_date": null, "products": []}}, {"model": "store.order", "pk": 141, "fields": {"buyer": 1, "payment_method": null, "shipping_method": null, "status": null, "payment_status": "Awaits payment", "total_price": 0, "draft": true, "custom_id": null, "creation_date": null, "products": []}}, {"model": "store.order", "pk": 142, "fields": {"buyer": 1, "payment_method": null, "shipping_method": null, "status": null, "payment_status": "Awaits payment", "total_price": 0, "draft": true, "custom_id": null, "creation_date": null, "products": []}}, {"model": "store.order", "pk": 143, "fields": {"buyer": 1, "payment_method": null, "shipping_method": null, "status": null, "payment_status": "Awaits payment", "total_price": 0, "draft": true, "custom_id": null, "creation_date": null, "products": []}}, {"model": "store.order", "pk": 145, "fields": {"buyer": 1, "payment_method": null, "shipping_method": null, "status": null, "payment_status": "Awaits payment", "total_price": 0, "draft": true, "custom_id": null, "creation_date": null, "products": []}}, {"model": "store.order", "pk": 146, "fields": {"buyer": 1, "payment_method": null, "shipping_method": null, "status": null, "payment_status": "Awaits payment", "total_price": 0, "draft": true, "custom_id": null, "creation_date": null, "products": []}}, {"model": "store.order", "pk": 147, "fields": {"buyer": 1, "payment_method": null, "shipping_method": null, "status": null, "payment_status": "Awaits payment", "total_price": 0, "draft": true, "custom_id": null, "creation_date": null, "products": []}}, {"model": "store.order", "pk": 148, "fields": {"buyer": 7, "payment_method": null, "shipping_method": null, "status": "In process", "payment_status": "Awaits payment", "total_price": 19800, "draft": false, "custom_id": 27, "creation_date": "2020-12-07T21:40:19.928Z", "products": [1]}}, {"model": "store.order", "pk": 149, "fields": {"buyer": 7, "payment_method": null, "shipping_method": null, "status": "In process", "payment_status": "Awaits payment", "total_price": 19800, "draft": false, "custom_id": 28, "creation_date": "2020-12-07T21:57:28.028Z", "products": [1]}}, {"model": "store.order", "pk": 150, "fields": {"buyer": 7, "payment_method": null, "shipping_method": null, "status": "In process", "payment_status": "Awaits payment", "total_price": 19800, "draft": false, "custom_id": 29, "creation_date": "2020-12-07T22:39:10.760Z", "products": [1]}}, {"model": "store.order", "pk": 151, "fields": {"buyer": 1, "payment_method": null, "shipping_method": null, "status": "In process", "payment_status": "Awaits payment", "total_price": 0, "draft": false, "custom_id": 30, "creation_date": "2020-12-07T22:44:09.649Z", "products": []}}, {"model": "store.order", "pk": 152, "fields": {"buyer": 1, "payment_method": null, "shipping_method": null, "status": "In process", "payment_status": "Awaits payment", "total_price": 19800, "draft": false, "custom_id": 31, "creation_date": "2020-12-07T23:28:10.192Z", "products": [1]}}, {"model": "store.order", "pk": 153, "fields": {"buyer": 1, "payment_method": null, "shipping_method": null, "status": "In process", "payment_status": "Awaits payment", "total_price": 59400, "draft": false, "custom_id": 32, "creation_date": "2020-12-08T00:31:33.993Z", "products": [1]}}, {"model": "store.order", "pk": 154, "fields": {"buyer": 1, "payment_method": null, "shipping_method": null, "status": null, "payment_status": "Awaits payment", "total_price": 0, "draft": true, "custom_id": null, "creation_date": null, "products": []}}, {"model": "store.order", "pk": 155, "fields": {"buyer": 1, "payment_method": null, "shipping_method": null, "status": null, "payment_status": "Awaits payment", "total_price": 158400, "draft": true, "custom_id": null, "creation_date": null, "products": [1]}}, {"model": "store.review", "pk": 1, "fields": {"author": 1, "product": 2, "text": "1", "rate": 3, "pub_date": "2020-11-11T10:00:07.997Z"}}, {"model": "store.review", "pk": 2, "fields": {"author": 1, "product": 2, "text": "0", "rate": 4, "pub_date": "2020-11-12T19:01:03.619Z"}}, {"model": "store.review", "pk": 3, "fields": {"author": 1, "product": 2, "text": "0", "rate": 4, "pub_date": "2020-11-12T19:43:37.043Z"}}, {"model": "store.review", "pk": 4, "fields": {"author": 1, "product": 2, "text": "not exactly what i wanted to see.", "rate": 3, "pub_date": "2020-11-16T11:21:30.651Z"}}, {"model": "store.review", "pk": 5, "fields": {"author": 1, "product": 2, "text": "average", "rate": 3, "pub_date": "2020-11-16T11:22:13.714Z"}}, {"model": "store.review", "pk": 6, "fields": {"author": 1, "product": 2, "text": "good", "rate": 4, "pub_date": "2020-11-16T11:22:48.409Z"}}, {"model": "store.review", "pk": 7, "fields": {"author": 1, "product": 2, "text": "...", "rate": 4, "pub_date": "2020-11-16T11:33:20.609Z"}}, {"model": "store.review", "pk": 8, "fields": {"author": 1, "product": 2, "text": "good", "rate": 4, "pub_date": "2020-11-16T11:40:34.340Z"}}, {"model": "store.review", "pk": 9, "fields": {"author": 1, "product": 2, "text": "srange.", "rate": 3, "pub_date": "2020-11-16T12:15:23.394Z"}}, {"model": "store.review", "pk": 10, "fields": {"author": 1, "product": 2, "text": ".", "rate": 4, "pub_date": "2020-11-16T16:51:53.120Z"}}, {"model": "store.review", "pk": 11, "fields": {"author": 1, "product": 2, "text": ".", "rate": 3, "pub_date": "2020-11-16T16:54:47.281Z"}}, {"model": "store.review", "pk": 12, "fields": {"author": 1, "product": 2, "text": ".", "rate": 4, "pub_date": "2020-11-16T16:58:53.131Z"}}, {"model": "store.review", "pk": 13, "fields": {"author": 1, "product": 2, "text": ".", "rate": 5, "pub_date": "2020-11-16T17:16:32.606Z"}}, {"model": "store.review", "pk": 14, "fields": {"author": 1, "product": 2, "text": ".", "rate": 3, "pub_date": "2020-12-01T16:35:39.706Z"}}, {"model": "store.review", "pk": 15, "fields": {"author": 1, "product": 2, "text": "powerless.", "rate": 3, "pub_date": "2020-12-01T16:43:17.151Z"}}, {"model": "store.review", "pk": 16, "fields": {"author": 1, "product": 2, "text": "...", "rate": 3, "pub_date": "2020-12-01T16:44:41.393Z"}}, {"model": "store.review", "pk": 17, "fields": {"author": 1, "product": 2, "text": "close the wind.", "rate": 3, "pub_date": "2020-12-01T16:57:10.731Z"}}, {"model": "store.review", "pk": 18, "fields": {"author": 1, "product": 2, "text": "close the wind.", "rate": 3, "pub_date": "2020-12-01T16:57:46.528Z"}}, {"model": "store.review", "pk": 19, "fields": {"author": 1, "product": 2, "text": "close the window.", "rate": 3, "pub_date": "2020-12-01T16:59:40.822Z"}}, {"model": "store.review", "pk": 20, "fields": {"author": 1, "product": 2, "text": "close the window.", "rate": 3, "pub_date": "2020-12-01T17:00:38.130Z"}}, {"model": "store.review", "pk": 21, "fields": {"author": 1, "product": 2, "text": "common.", "rate": 3, "pub_date": "2020-12-01T17:21:30.535Z"}}, {"model": "store.review", "pk": 22, "fields": {"author": 1, "product": 2, "text": ".", "rate": 3, "pub_date": "2020-12-01T17:29:11.596Z"}}, {"model": "store.review", "pk": 23, "fields": {"author": 1, "product": 2, "text": ".", "rate": 3, "pub_date": "2020-12-01T17:38:01.237Z"}}, {"model": "store.review", "pk": 24, "fields": {"author": 1, "product": 2, "text": ".", "rate": 3, "pub_date": "2020-12-01T17:40:24.880Z"}}, {"model": "store.review", "pk": 25, "fields": {"author": 1, "product": 2, "text": "cost it's money", "rate": 4, "pub_date": "2020-12-01T17:50:56.003Z"}}, {"model": "store.review", "pk": 26, "fields": {"author": 1, "product": 2, "text": "looks terrible. but works best of the best.", "rate": 4, "pub_date": "2020-12-01T18:09:01.501Z"}}, {"model": "store.review", "pk": 27, "fields": {"author": 1, "product": 2, "text": "reactive speed.", "rate": 4, "pub_date": "2020-12-01T18:10:26.387Z"}}, {"model": "store.review", "pk": 28, "fields": {"author": 1, "product": 2, "text": "reactive speed.", "rate": 4, "pub_date": "2020-12-01T18:10:31.489Z"}}, {"model": "store.review", "pk": 29, "fields": {"author": 1, "product": 2, "text": ".", "rate": 3, "pub_date": "2020-12-01T18:11:30.380Z"}}, {"model": "store.review", "pk": 30, "fields": {"author": 1, "product": 2, "text": "..", "rate": 3, "pub_date": "2020-12-01T18:12:43.894Z"}}, {"model": "store.review", "pk": 31, "fields": {"author": 1, "product": 2, "text": "..", "rate": 3, "pub_date": "2020-12-01T18:12:50.339Z"}}, {"model": "store.review", "pk": 32, "fields": {"author": 1, "product": 2, "text": "...", "rate": 3, "pub_date": "2020-12-01T18:21:25.310Z"}}, {"model": "store.review", "pk": 33, "fields": {"author": 1, "product": 2, "text": "....", "rate": 4, "pub_date": "2020-12-01T18:24:18.501Z"}}, {"model": "admin.logentry", "pk": 1, "fields": {"action_time": "2020-07-25T12:01:26.508Z", "user": 1, "content_type": 7, "object_id": "1", "object_repr": "PC", "action_flag": 1, "change_message": "[{\"added\": {}}]"}}, {"model": "admin.logentry", "pk": 2, "fields": {"action_time": "2020-07-25T12:01:40.134Z", "user": 1, "content_type": 7, "object_id": "2", "object_repr": "PC->Laptops", "action_flag": 1, "change_message": "[{\"added\": {}}]"}}, {"model": "admin.logentry", "pk": 3, "fields": {"action_time": "2020-07-25T12:31:55.916Z", "user": 1, "content_type": 8, "object_id": "1", "object_repr": "HP", "action_flag": 1, "change_message": "[{\"added\": {}}]"}}, {"model": "admin.logentry", "pk": 4, "fields": {"action_time": "2020-07-25T12:37:05.763Z", "user": 1, "content_type": 7, "object_id": "2", "object_repr": "PC->Laptops", "action_flag": 2, "change_message": "[{\"added\": {\"name\": \"product\", \"object\": \"hp pavillion\"}}]"}}, {"model": "admin.logentry", "pk": 5, "fields": {"action_time": "2020-07-25T12:37:16.094Z", "user": 1, "content_type": 7, "object_id": "2", "object_repr": "PC->Laptops", "action_flag": 2, "change_message": "[{\"changed\": {\"name\": \"product\", \"object\": \"hp pavillion\", \"fields\": [\"In stock amount\", \"Warehouse amount\"]}}]"}}, {"model": "admin.logentry", "pk": 6, "fields": {"action_time": "2020-07-25T12:37:37.328Z", "user": 1, "content_type": 7, "object_id": "2", "object_repr": "PC->Laptops", "action_flag": 2, "change_message": "[{\"changed\": {\"name\": \"product\", \"object\": \"hp pavillion\", \"fields\": [\"Price\"]}}]"}}, {"model": "admin.logentry", "pk": 7, "fields": {"action_time": "2020-07-25T12:42:47.055Z", "user": 1, "content_type": 7, "object_id": "2", "object_repr": "PC->Laptops", "action_flag": 2, "change_message": "[{\"changed\": {\"name\": \"product\", \"object\": \"hp pavillion\", \"fields\": [\"Sale percent\"]}}]"}}, {"model": "admin.logentry", "pk": 8, "fields": {"action_time": "2020-07-25T12:46:01.632Z", "user": 1, "content_type": 7, "object_id": "3", "object_repr": "Cameras", "action_flag": 1, "change_message": "[{\"added\": {}}]"}}, {"model": "admin.logentry", "pk": 9, "fields": {"action_time": "2020-07-25T12:50:35.632Z", "user": 1, "content_type": 8, "object_id": "2", "object_repr": "DELL", "action_flag": 1, "change_message": "[{\"added\": {}}]"}}, {"model": "admin.logentry", "pk": 10, "fields": {"action_time": "2020-07-25T12:51:26.610Z", "user": 1, "content_type": 10, "object_id": "2", "object_repr": "dell laptop", "action_flag": 1, "change_message": "[{\"added\": {}}]"}}, {"model": "admin.logentry", "pk": 11, "fields": {"action_time": "2020-07-25T12:51:33.022Z", "user": 1, "content_type": 10, "object_id": "2", "object_repr": "dell laptop", "action_flag": 2, "change_message": "[{\"changed\": {\"fields\": [\"Category\"]}}]"}}, {"model": "admin.logentry", "pk": 12, "fields": {"action_time": "2020-07-25T12:51:39.231Z", "user": 1, "content_type": 10, "object_id": "2", "object_repr": "dell laptop", "action_flag": 2, "change_message": "[{\"changed\": {\"fields\": [\"Category\"]}}]"}}, {"model": "admin.logentry", "pk": 13, "fields": {"action_time": "2020-07-25T12:55:58.629Z", "user": 1, "content_type": 10, "object_id": "2", "object_repr": "dell laptop", "action_flag": 2, "change_message": "[{\"changed\": {\"fields\": [\"Category\"]}}]"}}, {"model": "admin.logentry", "pk": 14, "fields": {"action_time": "2020-07-25T20:49:54.190Z", "user": 1, "content_type": 9, "object_id": "1", "object_repr": "Order object (1)", "action_flag": 1, "change_message": "[{\"added\": {}}]"}}, {"model": "admin.logentry", "pk": 15, "fields": {"action_time": "2020-07-25T20:53:59.859Z", "user": 1, "content_type": 9, "object_id": "1", "object_repr": "Order object (1)", "action_flag": 3, "change_message": ""}}, {"model": "admin.logentry", "pk": 16, "fields": {"action_time": "2020-07-25T20:59:29.556Z", "user": 1, "content_type": 9, "object_id": "2", "object_repr": "Order object (2)", "action_flag": 1, "change_message": "[{\"added\": {}}]"}}, {"model": "admin.logentry", "pk": 17, "fields": {"action_time": "2020-07-25T20:59:43.974Z", "user": 1, "content_type": 9, "object_id": "2", "object_repr": "Order object (2)", "action_flag": 2, "change_message": "[]"}}, {"model": "admin.logentry", "pk": 18, "fields": {"action_time": "2020-07-25T20:59:53.595Z", "user": 1, "content_type": 9, "object_id": "2", "object_repr": "Order object (2)", "action_flag": 2, "change_message": "[]"}}, {"model": "admin.logentry", "pk": 19, "fields": {"action_time": "2020-07-25T21:00:04.588Z", "user": 1, "content_type": 9, "object_id": "2", "object_repr": "Order object (2)", "action_flag": 2, "change_message": "[{\"added\": {\"name\": \"product order amount\", \"object\": \"ProductOrderAmount object (1)\"}}, {\"added\": {\"name\": \"product order amount\", \"object\": \"ProductOrderAmount object (2)\"}}]"}}, {"model": "admin.logentry", "pk": 20, "fields": {"action_time": "2020-07-26T18:06:57.627Z", "user": 1, "content_type": 9, "object_id": "2", "object_repr": "Order object (2)", "action_flag": 2, "change_message": "[{\"changed\": {\"fields\": [\"Product\"]}}]"}}, {"model": "admin.logentry", "pk": 21, "fields": {"action_time": "2020-07-26T18:07:12.699Z", "user": 1, "content_type": 9, "object_id": "2", "object_repr": "Order object (2)", "action_flag": 2, "change_message": "[{\"changed\": {\"fields\": [\"Product\"]}}, {\"changed\": {\"name\": \"product order amount\", \"object\": \"ProductOrderAmount object (1)\", \"fields\": [\"Product\"]}}, {\"changed\": {\"name\": \"product order amount\", \"object\": \"ProductOrderAmount object (2)\", \"fields\": [\"Product\"]}}]"}}, {"model": "admin.logentry", "pk": 22, "fields": {"action_time": "2020-07-26T18:07:24.505Z", "user": 1, "content_type": 9, "object_id": "2", "object_repr": "Order object (2)", "action_flag": 2, "change_message": "[{\"deleted\": {\"name\": \"product order amount\", \"object\": \"ProductOrderAmount object (None)\"}}]"}}, {"model": "admin.logentry", "pk": 23, "fields": {"action_time": "2020-07-26T18:07:26.973Z", "user": 1, "content_type": 9, "object_id": "2", "object_repr": "Order object (2)", "action_flag": 2, "change_message": "[]"}}, {"model": "admin.logentry", "pk": 24, "fields": {"action_time": "2020-07-26T18:36:06.865Z", "user": 1, "content_type": 9, "object_id": "2", "object_repr": "Order object (2)", "action_flag": 2, "change_message": "[{\"changed\": {\"fields\": [\"Product\"]}}]"}}, {"model": "admin.logentry", "pk": 25, "fields": {"action_time": "2020-07-26T18:51:40.958Z", "user": 1, "content_type": 9, "object_id": "2", "object_repr": "Order object (2)", "action_flag": 2, "change_message": "[]"}}, {"model": "admin.logentry", "pk": 26, "fields": {"action_time": "2020-07-26T18:51:48.350Z", "user": 1, "content_type": 9, "object_id": "2", "object_repr": "Order object (2)", "action_flag": 2, "change_message": "[{\"changed\": {\"fields\": [\"Product\"]}}]"}}, {"model": "admin.logentry", "pk": 27, "fields": {"action_time": "2020-07-26T18:51:52.665Z", "user": 1, "content_type": 9, "object_id": "2", "object_repr": "Order object (2)", "action_flag": 2, "change_message": "[]"}}, {"model": "admin.logentry", "pk": 28, "fields": {"action_time": "2020-07-26T18:51:56.098Z", "user": 1, "content_type": 9, "object_id": "2", "object_repr": "Order object (2)", "action_flag": 2, "change_message": "[{\"changed\": {\"name\": \"product order amount\", \"object\": \"ProductOrderAmount object (1)\", \"fields\": [\"Product\"]}}]"}}, {"model": "admin.logentry", "pk": 29, "fields": {"action_time": "2020-07-26T18:52:00.151Z", "user": 1, "content_type": 9, "object_id": "2", "object_repr": "Order object (2)", "action_flag": 2, "change_message": "[{\"changed\": {\"fields\": [\"Product\"]}}]"}}, {"model": "admin.logentry", "pk": 30, "fields": {"action_time": "2020-07-26T18:52:06.359Z", "user": 1, "content_type": 9, "object_id": "2", "object_repr": "Order object (2)", "action_flag": 2, "change_message": "[{\"changed\": {\"fields\": [\"Product\"]}}, {\"deleted\": {\"name\": \"product order amount\", \"object\": \"ProductOrderAmount object (None)\"}}]"}}, {"model": "admin.logentry", "pk": 31, "fields": {"action_time": "2020-07-26T18:52:29.077Z", "user": 1, "content_type": 9, "object_id": "2", "object_repr": "Order object (2)", "action_flag": 2, "change_message": "[{\"changed\": {\"fields\": [\"Product\"]}}]"}}, {"model": "admin.logentry", "pk": 32, "fields": {"action_time": "2020-07-26T18:56:40.628Z", "user": 1, "content_type": 9, "object_id": "2", "object_repr": "Order object (2)", "action_flag": 2, "change_message": "[]"}}, {"model": "admin.logentry", "pk": 33, "fields": {"action_time": "2020-07-26T18:58:36.055Z", "user": 1, "content_type": 9, "object_id": "2", "object_repr": "Order object (2)", "action_flag": 2, "change_message": "[{\"added\": {\"name\": \"product order amount\", \"object\": \"ProductOrderAmount object (1)\"}}]"}}, {"model": "admin.logentry", "pk": 34, "fields": {"action_time": "2020-07-26T18:58:43.440Z", "user": 1, "content_type": 9, "object_id": "2", "object_repr": "Order object (2)", "action_flag": 2, "change_message": "[{\"changed\": {\"fields\": [\"Product\"]}}]"}}, {"model": "admin.logentry", "pk": 35, "fields": {"action_time": "2020-07-26T19:00:26.903Z", "user": 1, "content_type": 9, "object_id": "2", "object_repr": "Order object (2)", "action_flag": 2, "change_message": "[{\"added\": {\"name\": \"product order amount\", \"object\": \"ProductOrderAmount object (2)\"}}]"}}, {"model": "admin.logentry", "pk": 36, "fields": {"action_time": "2020-07-26T19:03:47.404Z", "user": 1, "content_type": 4, "object_id": "1", "object_repr": "maxaliev", "action_flag": 2, "change_message": "[{\"added\": {\"name\": \"order\", \"object\": \"Order object (3)\"}}]"}}, {"model": "admin.logentry", "pk": 37, "fields": {"action_time": "2020-07-27T11:15:39.616Z", "user": 1, "content_type": 10, "object_id": "1", "object_repr": "hp pavillion", "action_flag": 2, "change_message": "[]"}}, {"model": "admin.logentry", "pk": 38, "fields": {"action_time": "2020-07-27T11:43:33.233Z", "user": 1, "content_type": 10, "object_id": "1", "object_repr": "hp pavillion", "action_flag": 2, "change_message": "[{\"added\": {\"name\": \"product image\", \"object\": \"Image #1\"}}, {\"added\": {\"name\": \"product image\", \"object\": \"Image #2\"}}, {\"added\": {\"name\": \"product image\", \"object\": \"Image #3\"}}]"}}, {"model": "admin.logentry", "pk": 39, "fields": {"action_time": "2020-07-27T11:43:59.676Z", "user": 1, "content_type": 8, "object_id": "3", "object_repr": "Canon", "action_flag": 1, "change_message": "[{\"added\": {}}]"}}, {"model": "admin.logentry", "pk": 40, "fields": {"action_time": "2020-07-27T11:47:13.397Z", "user": 1, "content_type": 10, "object_id": "3", "object_repr": "Canon 550d", "action_flag": 1, "change_message": "[{\"added\": {}}, {\"added\": {\"name\": \"product image\", \"object\": \"Image #4\"}}, {\"added\": {\"name\": \"product image\", \"object\": \"Image #5\"}}]"}}, {"model": "admin.logentry", "pk": 41, "fields": {"action_time": "2020-07-27T11:49:01.969Z", "user": 1, "content_type": 10, "object_id": "1", "object_repr": "hp pavillion", "action_flag": 2, "change_message": "[{\"changed\": {\"name\": \"product image\", \"object\": \"Image #1\", \"fields\": [\"Image\"]}}, {\"changed\": {\"name\": \"product image\", \"object\": \"Image #2\", \"fields\": [\"Image\"]}}, {\"changed\": {\"name\": \"product image\", \"object\": \"Image #3\", \"fields\": [\"Image\"]}}]"}}, {"model": "admin.logentry", "pk": 42, "fields": {"action_time": "2020-07-27T12:31:13.155Z", "user": 1, "content_type": 10, "object_id": "1", "object_repr": "hp pavillion", "action_flag": 2, "change_message": "[{\"added\": {\"name\": \"laptop param\", \"object\": \"LaptopParam object (1)\"}}]"}}, {"model": "admin.logentry", "pk": 43, "fields": {"action_time": "2020-07-27T20:12:06.195Z", "user": 1, "content_type": 10, "object_id": "1", "object_repr": "hp pavillion", "action_flag": 2, "change_message": "[{\"changed\": {\"name\": \"product image\", \"object\": \"Image #1\", \"fields\": [\"Main\"]}}]"}}, {"model": "admin.logentry", "pk": 44, "fields": {"action_time": "2020-07-27T20:12:12.771Z", "user": 1, "content_type": 10, "object_id": "3", "object_repr": "Canon 550d", "action_flag": 2, "change_message": "[{\"changed\": {\"name\": \"product image\", \"object\": \"Image #4\", \"fields\": [\"Main\"]}}]"}}, {"model": "admin.logentry", "pk": 45, "fields": {"action_time": "2020-08-04T21:03:09.144Z", "user": 1, "content_type": 10, "object_id": "2", "object_repr": "dell laptop", "action_flag": 2, "change_message": "[]"}}, {"model": "admin.logentry", "pk": 46, "fields": {"action_time": "2020-08-04T21:05:23.652Z", "user": 1, "content_type": 10, "object_id": "2", "object_repr": "dell laptop", "action_flag": 2, "change_message": "[{\"changed\": {\"fields\": [\"Category\"]}}]"}}, {"model": "admin.logentry", "pk": 47, "fields": {"action_time": "2020-08-04T21:12:54.924Z", "user": 1, "content_type": 10, "object_id": "2", "object_repr": "dell laptop", "action_flag": 2, "change_message": "[{\"changed\": {\"fields\": [\"Category\"]}}]"}}, {"model": "admin.logentry", "pk": 48, "fields": {"action_time": "2020-08-04T21:15:32.132Z", "user": 1, "content_type": 10, "object_id": "2", "object_repr": "dell laptop", "action_flag": 2, "change_message": "[{\"changed\": {\"fields\": [\"Category\"]}}]"}}, {"model": "admin.logentry", "pk": 49, "fields": {"action_time": "2020-08-04T21:16:04.630Z", "user": 1, "content_type": 10, "object_id": "2", "object_repr": "dell laptop", "action_flag": 2, "change_message": "[{\"changed\": {\"fields\": [\"Category\"]}}]"}}, {"model": "admin.logentry", "pk": 50, "fields": {"action_time": "2020-08-04T21:16:16.803Z", "user": 1, "content_type": 10, "object_id": "2", "object_repr": "dell laptop", "action_flag": 2, "change_message": "[{\"changed\": {\"fields\": [\"Category\"]}}]"}}, {"model": "admin.logentry", "pk": 51, "fields": {"action_time": "2020-08-04T21:29:12.406Z", "user": 1, "content_type": 10, "object_id": "2", "object_repr": "dell laptop", "action_flag": 2, "change_message": "[{\"changed\": {\"fields\": [\"Category\"]}}]"}}, {"model": "admin.logentry", "pk": 52, "fields": {"action_time": "2020-08-06T14:02:58.591Z", "user": 1, "content_type": 9, "object_id": "2", "object_repr": "Order #2", "action_flag": 2, "change_message": "[{\"added\": {\"name\": \"product order detail\", \"object\": \"hp pavillion\"}}]"}}, {"model": "admin.logentry", "pk": 53, "fields": {"action_time": "2020-08-06T14:03:12.622Z", "user": 1, "content_type": 9, "object_id": "2", "object_repr": "Order #2", "action_flag": 2, "change_message": "[{\"changed\": {\"name\": \"product order detail\", \"object\": \"hp pavillion\", \"fields\": [\"Amount\"]}}]"}}, {"model": "admin.logentry", "pk": 54, "fields": {"action_time": "2020-08-06T14:03:30.773Z", "user": 1, "content_type": 9, "object_id": "2", "object_repr": "Order #2", "action_flag": 2, "change_message": "[]"}}, {"model": "admin.logentry", "pk": 55, "fields": {"action_time": "2020-08-06T14:04:27.038Z", "user": 1, "content_type": 9, "object_id": "2", "object_repr": "Order #2", "action_flag": 2, "change_message": "[]"}}, {"model": "admin.logentry", "pk": 56, "fields": {"action_time": "2020-08-06T14:05:22.016Z", "user": 1, "content_type": 9, "object_id": "2", "object_repr": "Order #2", "action_flag": 2, "change_message": "[]"}}, {"model": "admin.logentry", "pk": 57, "fields": {"action_time": "2020-08-06T14:05:25.641Z", "user": 1, "content_type": 9, "object_id": "2", "object_repr": "Order #2", "action_flag": 2, "change_message": "[{\"changed\": {\"name\": \"product order detail\", \"object\": \"hp pavillion\", \"fields\": [\"Amount\"]}}]"}}, {"model": "admin.logentry", "pk": 58, "fields": {"action_time": "2020-08-06T14:05:28.978Z", "user": 1, "content_type": 9, "object_id": "2", "object_repr": "Order #2", "action_flag": 2, "change_message": "[{\"changed\": {\"name\": \"product order detail\", \"object\": \"hp pavillion\", \"fields\": [\"Amount\"]}}]"}}, {"model": "admin.logentry", "pk": 59, "fields": {"action_time": "2020-08-16T14:27:16.194Z", "user": 1, "content_type": 9, "object_id": "3", "object_repr": "Order #3", "action_flag": 2, "change_message": "[]"}}, {"model": "admin.logentry", "pk": 60, "fields": {"action_time": "2020-08-16T14:39:51.846Z", "user": 1, "content_type": 9, "object_id": "3", "object_repr": "Order #3", "action_flag": 2, "change_message": "[{\"added\": {\"name\": \"product order detail\", \"object\": \"hp pavillion\"}}]"}}, {"model": "admin.logentry", "pk": 61, "fields": {"action_time": "2020-08-16T14:40:01.028Z", "user": 1, "content_type": 9, "object_id": "3", "object_repr": "Order #3", "action_flag": 2, "change_message": "[]"}}, {"model": "admin.logentry", "pk": 62, "fields": {"action_time": "2020-08-16T14:40:12.669Z", "user": 1, "content_type": 9, "object_id": "3", "object_repr": "Order #3", "action_flag": 2, "change_message": "[]"}}, {"model": "admin.logentry", "pk": 63, "fields": {"action_time": "2020-08-16T14:40:46.046Z", "user": 1, "content_type": 10, "object_id": "2", "object_repr": "dell laptop", "action_flag": 2, "change_message": "[{\"changed\": {\"fields\": [\"Price\"]}}]"}}, {"model": "admin.logentry", "pk": 64, "fields": {"action_time": "2020-08-16T14:40:53.635Z", "user": 1, "content_type": 9, "object_id": "3", "object_repr": "Order #3", "action_flag": 2, "change_message": "[]"}}, {"model": "admin.logentry", "pk": 65, "fields": {"action_time": "2020-08-16T14:40:57.423Z", "user": 1, "content_type": 9, "object_id": "3", "object_repr": "Order #3", "action_flag": 2, "change_message": "[{\"changed\": {\"name\": \"product order detail\", \"object\": \"dell laptop\", \"fields\": [\"Amount\"]}}]"}}, {"model": "admin.logentry", "pk": 66, "fields": {"action_time": "2020-08-16T14:42:38.585Z", "user": 1, "content_type": 9, "object_id": "3", "object_repr": "Order #3", "action_flag": 2, "change_message": "[]"}}, {"model": "admin.logentry", "pk": 67, "fields": {"action_time": "2020-08-16T14:42:46.671Z", "user": 1, "content_type": 9, "object_id": "2", "object_repr": "Order #2", "action_flag": 2, "change_message": "[{\"changed\": {\"fields\": [\"Products\"]}}]"}}, {"model": "admin.logentry", "pk": 68, "fields": {"action_time": "2020-08-16T14:43:10.689Z", "user": 1, "content_type": 9, "object_id": "4", "object_repr": "Order #4", "action_flag": 1, "change_message": "[{\"added\": {}}]"}}, {"model": "admin.logentry", "pk": 69, "fields": {"action_time": "2020-08-16T14:45:26.317Z", "user": 1, "content_type": 9, "object_id": "4", "object_repr": "Order #4", "action_flag": 3, "change_message": ""}}, {"model": "admin.logentry", "pk": 70, "fields": {"action_time": "2020-08-16T14:51:58.856Z", "user": 1, "content_type": 9, "object_id": "3", "object_repr": "Order #3", "action_flag": 2, "change_message": "[]"}}, {"model": "admin.logentry", "pk": 71, "fields": {"action_time": "2020-08-16T14:57:54.327Z", "user": 1, "content_type": 9, "object_id": "3", "object_repr": "Order #3", "action_flag": 2, "change_message": "[]"}}, {"model": "admin.logentry", "pk": 72, "fields": {"action_time": "2020-08-16T15:06:29.301Z", "user": 1, "content_type": 9, "object_id": "3", "object_repr": "Order #3", "action_flag": 2, "change_message": "[{\"changed\": {\"name\": \"product order detail\", \"object\": \"dell laptop\", \"fields\": [\"Amount\"]}}]"}}, {"model": "admin.logentry", "pk": 73, "fields": {"action_time": "2020-08-16T15:06:31.812Z", "user": 1, "content_type": 9, "object_id": "3", "object_repr": "Order #3", "action_flag": 2, "change_message": "[]"}}, {"model": "admin.logentry", "pk": 74, "fields": {"action_time": "2020-08-16T15:06:36.472Z", "user": 1, "content_type": 9, "object_id": "3", "object_repr": "Order #3", "action_flag": 2, "change_message": "[{\"changed\": {\"name\": \"product order detail\", \"object\": \"dell laptop\", \"fields\": [\"Amount\"]}}]"}}, {"model": "admin.logentry", "pk": 75, "fields": {"action_time": "2020-08-16T15:06:43.278Z", "user": 1, "content_type": 9, "object_id": "3", "object_repr": "Order #3", "action_flag": 2, "change_message": "[]"}}, {"model": "admin.logentry", "pk": 76, "fields": {"action_time": "2020-08-26T10:54:33.134Z", "user": 1, "content_type": 9, "object_id": "18", "object_repr": "Order #18", "action_flag": 2, "change_message": "[{\"changed\": {\"fields\": [\"Payment method\"]}}]"}}, {"model": "admin.logentry", "pk": 77, "fields": {"action_time": "2020-09-02T12:51:55.159Z", "user": 1, "content_type": 9, "object_id": "24", "object_repr": "Order #24", "action_flag": 2, "change_message": "[]"}}, {"model": "admin.logentry", "pk": 78, "fields": {"action_time": "2020-09-06T13:32:26.300Z", "user": 1, "content_type": 10, "object_id": "2", "object_repr": "dell laptop", "action_flag": 2, "change_message": "[{\"changed\": {\"fields\": [\"Price\"]}}]"}}, {"model": "admin.logentry", "pk": 79, "fields": {"action_time": "2020-09-17T14:59:54.544Z", "user": 1, "content_type": 9, "object_id": "85", "object_repr": "Order #20", "action_flag": 2, "change_message": "[{\"changed\": {\"fields\": [\"Shipping method\"]}}]"}}, {"model": "admin.logentry", "pk": 80, "fields": {"action_time": "2020-09-17T15:00:03.770Z", "user": 1, "content_type": 9, "object_id": "85", "object_repr": "Order #21", "action_flag": 2, "change_message": "[{\"changed\": {\"fields\": [\"Shipping method\"]}}]"}}, {"model": "admin.logentry", "pk": 81, "fields": {"action_time": "2020-09-19T14:57:36.209Z", "user": 1, "content_type": 9, "object_id": "86", "object_repr": "Order #23", "action_flag": 2, "change_message": "[]"}}, {"model": "admin.logentry", "pk": 82, "fields": {"action_time": "2020-09-19T15:35:55.464Z", "user": 1, "content_type": 10, "object_id": "1", "object_repr": "hp pavillion", "action_flag": 2, "change_message": "[]"}}, {"model": "admin.logentry", "pk": 83, "fields": {"action_time": "2020-09-23T13:10:58.097Z", "user": 1, "content_type": 10, "object_id": "2", "object_repr": "dell laptop", "action_flag": 2, "change_message": "[{\"changed\": {\"fields\": [\"Warehouse amount\"]}}]"}}, {"model": "admin.logentry", "pk": 84, "fields": {"action_time": "2020-09-23T13:24:35.997Z", "user": 1, "content_type": 10, "object_id": "2", "object_repr": "dell laptop", "action_flag": 2, "change_message": "[]"}}, {"model": "admin.logentry", "pk": 85, "fields": {"action_time": "2020-09-23T13:25:11.736Z", "user": 1, "content_type": 10, "object_id": "2", "object_repr": "dell laptop", "action_flag": 2, "change_message": "[]"}}, {"model": "admin.logentry", "pk": 86, "fields": {"action_time": "2020-09-30T12:08:26.194Z", "user": 1, "content_type": 7, "object_id": "2", "object_repr": "PC->laptops", "action_flag": 2, "change_message": "[]"}}, {"model": "admin.logentry", "pk": 87, "fields": {"action_time": "2020-09-30T12:08:39.085Z", "user": 1, "content_type": 7, "object_id": "1", "object_repr": "pc", "action_flag": 2, "change_message": "[]"}}, {"model": "admin.logentry", "pk": 88, "fields": {"action_time": "2020-09-30T12:08:44.112Z", "user": 1, "content_type": 7, "object_id": "3", "object_repr": "cameras", "action_flag": 2, "change_message": "[]"}}, {"model": "admin.logentry", "pk": 89, "fields": {"action_time": "2020-09-30T12:09:47.053Z", "user": 1, "content_type": 7, "object_id": "3", "object_repr": "Cameras", "action_flag": 2, "change_message": "[]"}}, {"model": "admin.logentry", "pk": 90, "fields": {"action_time": "2020-09-30T12:09:50.822Z", "user": 1, "content_type": 7, "object_id": "2", "object_repr": "pc->Laptops", "action_flag": 2, "change_message": "[]"}}, {"model": "admin.logentry", "pk": 91, "fields": {"action_time": "2020-09-30T12:30:06.900Z", "user": 1, "content_type": 10, "object_id": "2", "object_repr": "dell laptop", "action_flag": 2, "change_message": "[{\"added\": {\"name\": \"laptops params\", \"object\": \"\"}}]"}}, {"model": "admin.logentry", "pk": 92, "fields": {"action_time": "2020-09-30T13:04:35.742Z", "user": 1, "content_type": 10, "object_id": "2", "object_repr": "dell laptop", "action_flag": 2, "change_message": "[{\"deleted\": {\"name\": \"laptops params\", \"object\": \"\"}}]"}}, {"model": "admin.logentry", "pk": 93, "fields": {"action_time": "2020-09-30T13:04:56.673Z", "user": 1, "content_type": 10, "object_id": "2", "object_repr": "dell laptop", "action_flag": 2, "change_message": "[{\"added\": {\"name\": \"laptops params\", \"object\": \"\"}}]"}}, {"model": "admin.logentry", "pk": 94, "fields": {"action_time": "2020-09-30T13:33:01.261Z", "user": 1, "content_type": 7, "object_id": "1", "object_repr": "Pc", "action_flag": 2, "change_message": "[]"}}, {"model": "admin.logentry", "pk": 95, "fields": {"action_time": "2020-09-30T13:33:05.721Z", "user": 1, "content_type": 7, "object_id": "2", "object_repr": "Pc->Laptops", "action_flag": 2, "change_message": "[]"}}, {"model": "admin.logentry", "pk": 96, "fields": {"action_time": "2020-09-30T13:33:12.273Z", "user": 1, "content_type": 7, "object_id": "3", "object_repr": "Camera", "action_flag": 2, "change_message": "[{\"changed\": {\"fields\": [\"Title\"]}}]"}}, {"model": "admin.logentry", "pk": 97, "fields": {"action_time": "2020-09-30T13:36:32.280Z", "user": 1, "content_type": 7, "object_id": "3", "object_repr": "Cameras", "action_flag": 2, "change_message": "[]"}}, {"model": "admin.logentry", "pk": 98, "fields": {"action_time": "2020-10-03T14:47:24.845Z", "user": 1, "content_type": 10, "object_id": "2", "object_repr": "dell laptop", "action_flag": 2, "change_message": "[{\"changed\": {\"fields\": [\"In stock amount\"]}}]"}}, {"model": "admin.logentry", "pk": 99, "fields": {"action_time": "2020-10-08T12:14:02.930Z", "user": 1, "content_type": 9, "object_id": "137", "object_repr": "Order #26", "action_flag": 2, "change_message": "[{\"changed\": {\"fields\": [\"Shipping method\"]}}]"}}, {"model": "admin.logentry", "pk": 100, "fields": {"action_time": "2020-10-08T12:14:37.532Z", "user": 1, "content_type": 9, "object_id": "137", "object_repr": "Order #26", "action_flag": 2, "change_message": "[]"}}, {"model": "admin.logentry", "pk": 101, "fields": {"action_time": "2020-10-08T12:42:17.181Z", "user": 1, "content_type": 9, "object_id": "137", "object_repr": "Order #26", "action_flag": 2, "change_message": "[]"}}, {"model": "admin.logentry", "pk": 102, "fields": {"action_time": "2020-10-08T12:42:22.259Z", "user": 1, "content_type": 9, "object_id": "137", "object_repr": "Order #26", "action_flag": 2, "change_message": "[]"}}, {"model": "admin.logentry", "pk": 103, "fields": {"action_time": "2020-10-12T21:24:37.654Z", "user": 1, "content_type": 9, "object_id": "137", "object_repr": "Order #26", "action_flag": 2, "change_message": "[{\"changed\": {\"fields\": [\"Status\"]}}]"}}, {"model": "admin.logentry", "pk": 104, "fields": {"action_time": "2020-10-13T19:35:44.629Z", "user": 1, "content_type": 9, "object_id": "137", "object_repr": "Order #26", "action_flag": 2, "change_message": "[]"}}, {"model": "admin.logentry", "pk": 105, "fields": {"action_time": "2020-10-13T19:41:11.940Z", "user": 1, "content_type": 9, "object_id": "137", "object_repr": "Order #26", "action_flag": 2, "change_message": "[{\"changed\": {\"fields\": [\"Status\"]}}]"}}, {"model": "admin.logentry", "pk": 106, "fields": {"action_time": "2020-10-13T19:41:56.009Z", "user": 1, "content_type": 9, "object_id": "137", "object_repr": "Order #26", "action_flag": 2, "change_message": "[{\"changed\": {\"fields\": [\"Status\"]}}]"}}, {"model": "admin.logentry", "pk": 107, "fields": {"action_time": "2020-10-13T19:45:34.994Z", "user": 1, "content_type": 9, "object_id": "137", "object_repr": "Order #26", "action_flag": 2, "change_message": "[{\"changed\": {\"fields\": [\"Status\"]}}]"}}, {"model": "admin.logentry", "pk": 108, "fields": {"action_time": "2020-10-13T20:51:29.964Z", "user": 1, "content_type": 9, "object_id": "137", "object_repr": "Order #26", "action_flag": 2, "change_message": "[{\"changed\": {\"fields\": [\"Status\"]}}]"}}, {"model": "admin.logentry", "pk": 109, "fields": {"action_time": "2020-10-13T21:22:49.067Z", "user": 1, "content_type": 9, "object_id": "137", "object_repr": "Order #26", "action_flag": 2, "change_message": "[{\"changed\": {\"fields\": [\"Status\"]}}]"}}, {"model": "admin.logentry", "pk": 110, "fields": {"action_time": "2020-10-13T21:30:26.770Z", "user": 1, "content_type": 9, "object_id": "137", "object_repr": "Order #26", "action_flag": 2, "change_message": "[{\"changed\": {\"fields\": [\"Status\"]}}]"}}, {"model": "admin.logentry", "pk": 111, "fields": {"action_time": "2020-10-13T21:30:56.452Z", "user": 1, "content_type": 9, "object_id": "93", "object_repr": "Order #25", "action_flag": 2, "change_message": "[{\"changed\": {\"fields\": [\"Shipping method\"]}}]"}}, {"model": "admin.logentry", "pk": 112, "fields": {"action_time": "2020-10-13T21:34:34.658Z", "user": 1, "content_type": 9, "object_id": "93", "object_repr": "Order #25", "action_flag": 2, "change_message": "[{\"changed\": {\"fields\": [\"Shipping method\"]}}]"}}, {"model": "admin.logentry", "pk": 113, "fields": {"action_time": "2020-10-13T21:34:45.261Z", "user": 1, "content_type": 9, "object_id": "93", "object_repr": "Order #25", "action_flag": 2, "change_message": "[{\"changed\": {\"fields\": [\"Shipping method\"]}}]"}}, {"model": "admin.logentry", "pk": 114, "fields": {"action_time": "2020-10-13T21:38:07.673Z", "user": 1, "content_type": 9, "object_id": "93", "object_repr": "Order #25", "action_flag": 2, "change_message": "[{\"changed\": {\"fields\": [\"Shipping method\"]}}]"}}, {"model": "admin.logentry", "pk": 115, "fields": {"action_time": "2020-10-13T21:42:57.454Z", "user": 1, "content_type": 9, "object_id": "93", "object_repr": "Order #25", "action_flag": 2, "change_message": "[{\"changed\": {\"fields\": [\"Status\"]}}]"}}, {"model": "admin.logentry", "pk": 116, "fields": {"action_time": "2020-11-26T19:18:22.307Z", "user": 1, "content_type": 10, "object_id": "1", "object_repr": "hp pavillion", "action_flag": 2, "change_message": "[{\"changed\": {\"fields\": [\"In stock amount\"]}}]"}}, {"model": "admin.logentry", "pk": 117, "fields": {"action_time": "2020-12-01T19:00:02.419Z", "user": 1, "content_type": 4, "object_id": "7", "object_repr": "maxal", "action_flag": 2, "change_message": "[{\"changed\": {\"fields\": [\"password\"]}}]"}}, {"model": "admin.logentry", "pk": 118, "fields": {"action_time": "2020-12-01T19:03:00.494Z", "user": 1, "content_type": 4, "object_id": "7", "object_repr": "maxal", "action_flag": 2, "change_message": "[{\"changed\": {\"fields\": [\"User permissions\"]}}]"}}, {"model": "admin.logentry", "pk": 119, "fields": {"action_time": "2020-12-01T19:05:31.193Z", "user": 1, "content_type": 3, "object_id": "1", "object_repr": "Operators", "action_flag": 1, "change_message": "[{\"added\": {}}]"}}, {"model": "admin.logentry", "pk": 120, "fields": {"action_time": "2020-12-01T19:05:38.311Z", "user": 1, "content_type": 3, "object_id": "1", "object_repr": "Operators", "action_flag": 2, "change_message": "[]"}}, {"model": "admin.logentry", "pk": 121, "fields": {"action_time": "2020-12-01T19:05:50.730Z", "user": 1, "content_type": 4, "object_id": "7", "object_repr": "maxal", "action_flag": 2, "change_message": "[{\"changed\": {\"fields\": [\"Groups\"]}}]"}}, {"model": "admin.logentry", "pk": 122, "fields": {"action_time": "2020-12-01T19:06:33.054Z", "user": 1, "content_type": 4, "object_id": "7", "object_repr": "maxal", "action_flag": 2, "change_message": "[{\"changed\": {\"fields\": [\"password\"]}}]"}}, {"model": "admin.logentry", "pk": 123, "fields": {"action_time": "2020-12-09T18:38:44.006Z", "user": 1, "content_type": 10, "object_id": "1", "object_repr": "hp pavillion", "action_flag": 2, "change_message": "[{\"changed\": {\"fields\": [\"In stock amount\"]}}]"}}]