[{"model": "contenttypes.contenttype", "pk": 1, "fields": {"app_label": "admin", "model": "logentry"}}, {"model": "contenttypes.contenttype", "pk": 2, "fields": {"app_label": "auth", "model": "permission"}}, {"model": "contenttypes.contenttype", "pk": 3, "fields": {"app_label": "auth", "model": "group"}}, {"model": "contenttypes.contenttype", "pk": 4, "fields": {"app_label": "auth", "model": "user"}}, {"model": "contenttypes.contenttype", "pk": 5, "fields": {"app_label": "contenttypes", "model": "contenttype"}}, {"model": "contenttypes.contenttype", "pk": 6, "fields": {"app_label": "sessions", "model": "session"}}, {"model": "contenttypes.contenttype", "pk": 7, "fields": {"app_label": "store", "model": "category"}}, {"model": "contenttypes.contenttype", "pk": 8, "fields": {"app_label": "store", "model": "manufacturer"}}, {"model": "contenttypes.contenttype", "pk": 9, "fields": {"app_label": "store", "model": "order"}}, {"model": "contenttypes.contenttype", "pk": 10, "fields": {"app_label": "store", "model": "product"}}, {"model": "contenttypes.contenttype", "pk": 11, "fields": {"app_label": "store", "model": "productorderamount"}}, {"model": "contenttypes.contenttype", "pk": 12, "fields": {"app_label": "store", "model": "productimage"}}, {"model": "contenttypes.contenttype", "pk": 13, "fields": {"app_label": "store", "model": "laptopparam"}}, {"model": "contenttypes.contenttype", "pk": 14, "fields": {"app_label": "thumbnail", "model": "kvstore"}}, {"model": "contenttypes.contenttype", "pk": 15, "fields": {"app_label": "store", "model": "productorderdetail"}}, {"model": "contenttypes.contenttype", "pk": 16, "fields": {"app_label": "store", "model": "cart"}}, {"model": "contenttypes.contenttype", "pk": 17, "fields": {"app_label": "corsheaders", "model": "corsmodel"}}, {"model": "sessions.session", "pk": "b9h98f6whhuw7n3ntxngqx2dtgactchz", "fields": {"session_data": "Y2RiYjRhZDk1YWFmM2VhMTYwOTg4ODAxYTUwYjUyNTMxYTc4MGM2OTp7Il9hdXRoX3VzZXJfaWQiOiIxIiwiX2F1dGhfdXNlcl9iYWNrZW5kIjoiZGphbmdvLmNvbnRyaWIuYXV0aC5iYWNrZW5kcy5Nb2RlbEJhY2tlbmQiLCJfYXV0aF91c2VyX2hhc2giOiI0OWJiMzMxYmNkMTIzMDEzMGQ3MGFjMzZiYTZmYWYzMTAwZTkyZDg0In0=", "expire_date": "2020-08-08T14:36:04.266Z"}}, {"model": "sessions.session", "pk": "ggvgn8bnk5929jt300jcc3dsriugyyvp", "fields": {"session_data": "Y2RiYjRhZDk1YWFmM2VhMTYwOTg4ODAxYTUwYjUyNTMxYTc4MGM2OTp7Il9hdXRoX3VzZXJfaWQiOiIxIiwiX2F1dGhfdXNlcl9iYWNrZW5kIjoiZGphbmdvLmNvbnRyaWIuYXV0aC5iYWNrZW5kcy5Nb2RlbEJhY2tlbmQiLCJfYXV0aF91c2VyX2hhc2giOiI0OWJiMzMxYmNkMTIzMDEzMGQ3MGFjMzZiYTZmYWYzMTAwZTkyZDg0In0=", "expire_date": "2020-08-08T11:50:30.921Z"}}, {"model": "sessions.session", "pk": "ts4regn6k1geumita02s1e2bmbj26n96", "fields": {"session_data": "ZTYyYTQxZWE4ZDgwZWRlM2MxNDY2Yjk4ZjAyN2JiZGFlNTg0ZDFmNjp7Im9yZGVyIjoxMX0=", "expire_date": "2020-09-01T11:16:10.298Z"}}, {"model": "sessions.session", "pk": "xgyzaojhzn0ltxk369itgma1uhysn3pb", "fields": {"session_data": "Y2RiYjRhZDk1YWFmM2VhMTYwOTg4ODAxYTUwYjUyNTMxYTc4MGM2OTp7Il9hdXRoX3VzZXJfaWQiOiIxIiwiX2F1dGhfdXNlcl9iYWNrZW5kIjoiZGphbmdvLmNvbnRyaWIuYXV0aC5iYWNrZW5kcy5Nb2RlbEJhY2tlbmQiLCJfYXV0aF91c2VyX2hhc2giOiI0OWJiMzMxYmNkMTIzMDEzMGQ3MGFjMzZiYTZmYWYzMTAwZTkyZDg0In0=", "expire_date": "2020-09-21T09:11:21.590Z"}}, {"model": "store.category", "pk": 1, "fields": {"parent_cat": null, "title": "PC", "slug": "pc"}}, {"model": "store.category", "pk": 2, "fields": {"parent_cat": 1, "title": "Laptops", "slug": "laptops"}}, {"model": "store.category", "pk": 3, "fields": {"parent_cat": null, "title": "Cameras", "slug": "cameras"}}, {"model": "store.manufacturer", "pk": 1, "fields": {"name": "HP", "area": [2]}}, {"model": "store.manufacturer", "pk": 2, "fields": {"name": "DELL", "area": [2, 1]}}, {"model": "store.manufacturer", "pk": 3, "fields": {"name": "Canon", "area": [3]}}, {"model": "store.product", "pk": 1, "fields": {"title": "hp pavillion", "slug": "hp-pavillion", "category": 2, "manufacturer": 1, "model_series": "pavillion", "description": "", "in_stock_amount": 10, "warehouse_amount": 10, "price": 20000, "sale_percent": 1, "times_purchased": 0, "sale_value": 200, "total_price": 19800, "lbl_is_popular": false}}, {"model": "store.product", "pk": 2, "fields": {"title": "dell laptop", "slug": "dell-laptop", "category": 2, "manufacturer": 2, "model_series": "null", "description": "", "in_stock_amount": 0, "warehouse_amount": 0, "price": 1, "sale_percent": 0, "times_purchased": 0, "sale_value": 0, "total_price": 1, "lbl_is_popular": false}}, {"model": "store.product", "pk": 3, "fields": {"title": "Canon 550d", "slug": "canon-550d", "category": 3, "manufacturer": 3, "model_series": "eos", "description": "", "in_stock_amount": 5, "warehouse_amount": 5, "price": 7000, "sale_percent": 2, "times_purchased": 0, "sale_value": 140, "total_price": 6860, "lbl_is_popular": false}}, {"model": "store.productimage", "pk": 1, "fields": {"product": 1, "image": "products/5rd-LGsX_400x400_PEbuagj.png", "is_default": true}}, {"model": "store.productimage", "pk": 2, "fields": {"product": 1, "image": "products/hp-250g2_VaE1ysm.jpg", "is_default": false}}, {"model": "store.productimage", "pk": 3, "fields": {"product": 1, "image": "products/Intel-Core-i5-10400-CPU_OnE9eqn.jpg", "is_default": false}}, {"model": "store.productimage", "pk": 4, "fields": {"product": 3, "image": "products/71Vl1WXWGjL._AC_SX355_.jpg", "is_default": true}}, {"model": "store.productimage", "pk": 5, "fields": {"product": 3, "image": "products/55_200II.jpeg", "is_default": false}}, {"model": "store.laptopparam", "pk": 1, "fields": {"product": 1, "processor": "Intel core i5", "physical_memory": "SSD 220G", "ram": "2x4GB", "graphics_card": "nvidia gforce", "screen_size": "15.0", "screen_resolution": "1366x768", "cache_memory": "64mb", "dynamics": "realtek high audio", "mic": "realtek high audio m", "additional_utils": "-", "corpus": "steel", "thickness": "12.0", "weight": "3.0", "autonomous_work_time": "03:00:00", "os": "windows 10 pro"}}, {"model": "store.productorderdetail", "pk": 1, "fields": {"order": 2, "product": 1, "amount": 4, "total_price": 79200}}, {"model": "store.productorderdetail", "pk": 2, "fields": {"order": 3, "product": 2, "amount": 16, "total_price": 160}}, {"model": "store.productorderdetail", "pk": 3, "fields": {"order": 3, "product": 1, "amount": 15, "total_price": 297000}}, {"model": "store.productorderdetail", "pk": 4, "fields": {"order": 7, "product": 2, "amount": 4, "total_price": 40}}, {"model": "store.productorderdetail", "pk": 5, "fields": {"order": 9, "product": 2, "amount": 5, "total_price": 50}}, {"model": "store.productorderdetail", "pk": 6, "fields": {"order": 9, "product": 1, "amount": 1, "total_price": 19800}}, {"model": "store.productorderdetail", "pk": 7, "fields": {"order": 10, "product": 2, "amount": 1, "total_price": 10}}, {"model": "store.productorderdetail", "pk": 8, "fields": {"order": 12, "product": 2, "amount": 2, "total_price": 20}}, {"model": "store.productorderdetail", "pk": 9, "fields": {"order": 12, "product": 1, "amount": 1, "total_price": 19800}}, {"model": "store.productorderdetail", "pk": 10, "fields": {"order": 13, "product": 2, "amount": 1, "total_price": 10}}, {"model": "store.productorderdetail", "pk": 11, "fields": {"order": 15, "product": 2, "amount": 1, "total_price": 10}}, {"model": "store.productorderdetail", "pk": 12, "fields": {"order": 16, "product": 2, "amount": 1, "total_price": 10}}, {"model": "store.productorderdetail", "pk": 13, "fields": {"order": 16, "product": 1, "amount": 1, "total_price": 19800}}, {"model": "store.productorderdetail", "pk": 14, "fields": {"order": 17, "product": 1, "amount": 1, "total_price": 19800}}, {"model": "store.productorderdetail", "pk": 15, "fields": {"order": 18, "product": 1, "amount": 1, "total_price": 19800}}, {"model": "store.productorderdetail", "pk": 18, "fields": {"order": 26, "product": 1, "amount": 1, "total_price": 19800}}, {"model": "store.productorderdetail", "pk": 19, "fields": {"order": 28, "product": 1, "amount": 1, "total_price": 19800}}, {"model": "store.productorderdetail", "pk": 20, "fields": {"order": 29, "product": 1, "amount": 1, "total_price": 19800}}, {"model": "store.productorderdetail", "pk": 23, "fields": {"order": 32, "product": 2, "amount": 1, "total_price": 1}}, {"model": "store.productorderdetail", "pk": 24, "fields": {"order": 32, "product": 1, "amount": 1, "total_price": 19800}}, {"model": "store.productorderdetail", "pk": 25, "fields": {"order": 33, "product": 2, "amount": 1, "total_price": 1}}, {"model": "store.productorderdetail", "pk": 26, "fields": {"order": 34, "product": 2, "amount": 1, "total_price": 1}}, {"model": "store.productorderdetail", "pk": 27, "fields": {"order": 35, "product": 2, "amount": 1, "total_price": 1}}, {"model": "thumbnail.kvstore", "pk": "sorl-thumbnail||image||115c64d785c4b23101a49f072429d0e9", "fields": {"value": "{\"name\": \"cache/8e/d0/8ed05d3468e763b61e53ad7c70c2350f.jpg\", \"storage\": \"django.core.files.storage.FileSystemStorage\", \"size\": [300, 265]}"}}, {"model": "thumbnail.kvstore", "pk": "sorl-thumbnail||image||19847656091b8253c0eba3080431e17b", "fields": {"value": "{\"name\": \"products/Intel-Core-i5-10400-CPU_OnE9eqn.jpg\", \"storage\": \"django.core.files.storage.FileSystemStorage\", \"size\": [1715, 807]}"}}, {"model": "thumbnail.kvstore", "pk": "sorl-thumbnail||image||2430b1937cec1abee003a822de4ab4d0", "fields": {"value": "{\"name\": \"cache/2e/41/2e41caef715c626804e42c8f3bc32d26.jpg\", \"storage\": \"django.core.files.storage.FileSystemStorage\", \"size\": [100, 50]}"}}, {"model": "thumbnail.kvstore", "pk": "sorl-thumbnail||image||30ead3ffc5ee0d1086c3f86c3da50bfd", "fields": {"value": "{\"name\": \"cache/a0/37/a037b6249b7a5f2942624d62bf47119b.png\", \"storage\": \"django.core.files.storage.FileSystemStorage\", \"size\": [100, 100]}"}}, {"model": "thumbnail.kvstore", "pk": "sorl-thumbnail||image||3fc0191b05698ab914744220249a0c37", "fields": {"value": "{\"name\": \"cache/7f/39/7f394775389a5fa338d7e329d04bccab.png\", \"storage\": \"django.core.files.storage.FileSystemStorage\", \"size\": [300, 300]}"}}, {"model": "thumbnail.kvstore", "pk": "sorl-thumbnail||image||42901bd63b1822ca559b714060f1179b", "fields": {"value": "{\"name\": \"cache/63/83/63835b0f93646df88fc5974d8a1f24b3.jpg\", \"storage\": \"django.core.files.storage.FileSystemStorage\", \"size\": [300, 150]}"}}, {"model": "thumbnail.kvstore", "pk": "sorl-thumbnail||image||4ce5ffd0e4206b010b387e084395ec85", "fields": {"value": "{\"name\": \"products/55_200II.jpeg\", \"storage\": \"django.core.files.storage.FileSystemStorage\", \"size\": [900, 579]}"}}, {"model": "thumbnail.kvstore", "pk": "sorl-thumbnail||image||52ace9f169488afc1f7e14a8994b2fad", "fields": {"value": "{\"name\": \"cache/48/6a/486a576dd19735f9a0f0ef2cb6bc62f4.jpg\", \"storage\": \"django.core.files.storage.FileSystemStorage\", \"size\": [100, 64]}"}}, {"model": "thumbnail.kvstore", "pk": "sorl-thumbnail||image||5605e9f24a41552964a3d19e0aa6dda9", "fields": {"value": "{\"name\": \"cache/48/c8/48c8ce56b3048ac69b615b64e6afb03c.png\", \"storage\": \"django.core.files.storage.FileSystemStorage\", \"size\": [250, 250]}"}}, {"model": "thumbnail.kvstore", "pk": "sorl-thumbnail||image||6c5d687cae4cd4a2a5c6354e5bdb50e2", "fields": {"value": "{\"name\": \"cache/d3/5b/d35beabf1a3fa7ebff449ff83341496d.jpg\", \"storage\": \"django.core.files.storage.FileSystemStorage\", \"size\": [100, 47]}"}}, {"model": "thumbnail.kvstore", "pk": "sorl-thumbnail||image||7c7fc0e8137294e8fe3057953773181b", "fields": {"value": "{\"name\": \"products/hp-250g2_VaE1ysm.jpg\", \"storage\": \"django.core.files.storage.FileSystemStorage\", \"size\": [1280, 720]}"}}, {"model": "thumbnail.kvstore", "pk": "sorl-thumbnail||image||8dd6ed087f40a58ed4d9ad0935637f35", "fields": {"value": "{\"name\": \"cache/2e/6f/2e6fb0d712282caa806dd540d9c5a5ef.jpg\", \"storage\": \"django.core.files.storage.FileSystemStorage\", \"size\": [100, 56]}"}}, {"model": "thumbnail.kvstore", "pk": "sorl-thumbnail||image||9b45163b52192cc2b688968e91206afb", "fields": {"value": "{\"name\": \"cache/e7/b6/e7b62205cabae6ae03e76ee8fb91a0c9.jpg\", \"storage\": \"django.core.files.storage.FileSystemStorage\", \"size\": [100, 50]}"}}, {"model": "thumbnail.kvstore", "pk": "sorl-thumbnail||image||af34ea5bacdbbabcd8f589594572beae", "fields": {"value": "{\"name\": \"cache/27/7f/277f9f4290c959647e056d8042ecdbe4.jpg\", \"storage\": \"django.core.files.storage.FileSystemStorage\", \"size\": [250, 220]}"}}, {"model": "thumbnail.kvstore", "pk": "sorl-thumbnail||image||b9bf6ac091c8dc281d361263933943fb", "fields": {"value": "{\"name\": \"cache/e2/52/e2526636aceab9043d947758ed576d46.jpg\", \"storage\": \"django.core.files.storage.FileSystemStorage\", \"size\": [300, 200]}"}}, {"model": "thumbnail.kvstore", "pk": "sorl-thumbnail||image||bc7a9947bce6079c05e4b18e23aceca3", "fields": {"value": "{\"name\": \"cache/05/68/05685f36fe66a59b6dd6f461fe420585.jpg\", \"storage\": \"django.core.files.storage.FileSystemStorage\", \"size\": [100, 50]}"}}, {"model": "thumbnail.kvstore", "pk": "sorl-thumbnail||image||de01966db3ef2df1e610950993ba4f56", "fields": {"value": "{\"name\": \"products/5rd-LGsX_400x400_PEbuagj.png\", \"storage\": \"django.core.files.storage.FileSystemStorage\", \"size\": [400, 400]}"}}, {"model": "thumbnail.kvstore", "pk": "sorl-thumbnail||image||df892a07da5ce933b5c3952546778d46", "fields": {"value": "{\"name\": \"products/71Vl1WXWGjL._AC_SX355_.jpg\", \"storage\": \"django.core.files.storage.FileSystemStorage\", \"size\": [355, 313]}"}}, {"model": "thumbnail.kvstore", "pk": "sorl-thumbnail||thumbnails||19847656091b8253c0eba3080431e17b", "fields": {"value": "[\"6c5d687cae4cd4a2a5c6354e5bdb50e2\", \"bc7a9947bce6079c05e4b18e23aceca3\"]"}}, {"model": "thumbnail.kvstore", "pk": "sorl-thumbnail||thumbnails||4ce5ffd0e4206b010b387e084395ec85", "fields": {"value": "[\"2430b1937cec1abee003a822de4ab4d0\", \"52ace9f169488afc1f7e14a8994b2fad\"]"}}, {"model": "thumbnail.kvstore", "pk": "sorl-thumbnail||thumbnails||7c7fc0e8137294e8fe3057953773181b", "fields": {"value": "[\"8dd6ed087f40a58ed4d9ad0935637f35\", \"9b45163b52192cc2b688968e91206afb\"]"}}, {"model": "thumbnail.kvstore", "pk": "sorl-thumbnail||thumbnails||de01966db3ef2df1e610950993ba4f56", "fields": {"value": "[\"3fc0191b05698ab914744220249a0c37\", \"5605e9f24a41552964a3d19e0aa6dda9\", \"30ead3ffc5ee0d1086c3f86c3da50bfd\"]"}}, {"model": "thumbnail.kvstore", "pk": "sorl-thumbnail||thumbnails||df892a07da5ce933b5c3952546778d46", "fields": {"value": "[\"115c64d785c4b23101a49f072429d0e9\", \"af34ea5bacdbbabcd8f589594572beae\", \"42901bd63b1822ca559b714060f1179b\", \"b9bf6ac091c8dc281d361263933943fb\"]"}}, {"model": "auth.permission", "pk": 1, "fields": {"name": "Can add log entry", "content_type": 1, "codename": "add_logentry"}}, {"model": "auth.permission", "pk": 2, "fields": {"name": "Can change log entry", "content_type": 1, "codename": "change_logentry"}}, {"model": "auth.permission", "pk": 3, "fields": {"name": "Can delete log entry", "content_type": 1, "codename": "delete_logentry"}}, {"model": "auth.permission", "pk": 4, "fields": {"name": "Can view log entry", "content_type": 1, "codename": "view_logentry"}}, {"model": "auth.permission", "pk": 5, "fields": {"name": "Can add permission", "content_type": 2, "codename": "add_permission"}}, {"model": "auth.permission", "pk": 6, "fields": {"name": "Can change permission", "content_type": 2, "codename": "change_permission"}}, {"model": "auth.permission", "pk": 7, "fields": {"name": "Can delete permission", "content_type": 2, "codename": "delete_permission"}}, {"model": "auth.permission", "pk": 8, "fields": {"name": "Can view permission", "content_type": 2, "codename": "view_permission"}}, {"model": "auth.permission", "pk": 9, "fields": {"name": "Can add group", "content_type": 3, "codename": "add_group"}}, {"model": "auth.permission", "pk": 10, "fields": {"name": "Can change group", "content_type": 3, "codename": "change_group"}}, {"model": "auth.permission", "pk": 11, "fields": {"name": "Can delete group", "content_type": 3, "codename": "delete_group"}}, {"model": "auth.permission", "pk": 12, "fields": {"name": "Can view group", "content_type": 3, "codename": "view_group"}}, {"model": "auth.permission", "pk": 13, "fields": {"name": "Can add user", "content_type": 4, "codename": "add_user"}}, {"model": "auth.permission", "pk": 14, "fields": {"name": "Can change user", "content_type": 4, "codename": "change_user"}}, {"model": "auth.permission", "pk": 15, "fields": {"name": "Can delete user", "content_type": 4, "codename": "delete_user"}}, {"model": "auth.permission", "pk": 16, "fields": {"name": "Can view user", "content_type": 4, "codename": "view_user"}}, {"model": "auth.permission", "pk": 17, "fields": {"name": "Can add content type", "content_type": 5, "codename": "add_contenttype"}}, {"model": "auth.permission", "pk": 18, "fields": {"name": "Can change content type", "content_type": 5, "codename": "change_contenttype"}}, {"model": "auth.permission", "pk": 19, "fields": {"name": "Can delete content type", "content_type": 5, "codename": "delete_contenttype"}}, {"model": "auth.permission", "pk": 20, "fields": {"name": "Can view content type", "content_type": 5, "codename": "view_contenttype"}}, {"model": "auth.permission", "pk": 21, "fields": {"name": "Can add session", "content_type": 6, "codename": "add_session"}}, {"model": "auth.permission", "pk": 22, "fields": {"name": "Can change session", "content_type": 6, "codename": "change_session"}}, {"model": "auth.permission", "pk": 23, "fields": {"name": "Can delete session", "content_type": 6, "codename": "delete_session"}}, {"model": "auth.permission", "pk": 24, "fields": {"name": "Can view session", "content_type": 6, "codename": "view_session"}}, {"model": "auth.permission", "pk": 25, "fields": {"name": "Can add category", "content_type": 7, "codename": "add_category"}}, {"model": "auth.permission", "pk": 26, "fields": {"name": "Can change category", "content_type": 7, "codename": "change_category"}}, {"model": "auth.permission", "pk": 27, "fields": {"name": "Can delete category", "content_type": 7, "codename": "delete_category"}}, {"model": "auth.permission", "pk": 28, "fields": {"name": "Can view category", "content_type": 7, "codename": "view_category"}}, {"model": "auth.permission", "pk": 29, "fields": {"name": "Can add manufacturer", "content_type": 8, "codename": "add_manufacturer"}}, {"model": "auth.permission", "pk": 30, "fields": {"name": "Can change manufacturer", "content_type": 8, "codename": "change_manufacturer"}}, {"model": "auth.permission", "pk": 31, "fields": {"name": "Can delete manufacturer", "content_type": 8, "codename": "delete_manufacturer"}}, {"model": "auth.permission", "pk": 32, "fields": {"name": "Can view manufacturer", "content_type": 8, "codename": "view_manufacturer"}}, {"model": "auth.permission", "pk": 33, "fields": {"name": "Can add order", "content_type": 9, "codename": "add_order"}}, {"model": "auth.permission", "pk": 34, "fields": {"name": "Can change order", "content_type": 9, "codename": "change_order"}}, {"model": "auth.permission", "pk": 35, "fields": {"name": "Can delete order", "content_type": 9, "codename": "delete_order"}}, {"model": "auth.permission", "pk": 36, "fields": {"name": "Can view order", "content_type": 9, "codename": "view_order"}}, {"model": "auth.permission", "pk": 37, "fields": {"name": "Can add product", "content_type": 10, "codename": "add_product"}}, {"model": "auth.permission", "pk": 38, "fields": {"name": "Can change product", "content_type": 10, "codename": "change_product"}}, {"model": "auth.permission", "pk": 39, "fields": {"name": "Can delete product", "content_type": 10, "codename": "delete_product"}}, {"model": "auth.permission", "pk": 40, "fields": {"name": "Can view product", "content_type": 10, "codename": "view_product"}}, {"model": "auth.permission", "pk": 41, "fields": {"name": "Can add product order amount", "content_type": 11, "codename": "add_productorderamount"}}, {"model": "auth.permission", "pk": 42, "fields": {"name": "Can change product order amount", "content_type": 11, "codename": "change_productorderamount"}}, {"model": "auth.permission", "pk": 43, "fields": {"name": "Can delete product order amount", "content_type": 11, "codename": "delete_productorderamount"}}, {"model": "auth.permission", "pk": 44, "fields": {"name": "Can view product order amount", "content_type": 11, "codename": "view_productorderamount"}}, {"model": "auth.permission", "pk": 45, "fields": {"name": "Can add product image", "content_type": 12, "codename": "add_productimage"}}, {"model": "auth.permission", "pk": 46, "fields": {"name": "Can change product image", "content_type": 12, "codename": "change_productimage"}}, {"model": "auth.permission", "pk": 47, "fields": {"name": "Can delete product image", "content_type": 12, "codename": "delete_productimage"}}, {"model": "auth.permission", "pk": 48, "fields": {"name": "Can view product image", "content_type": 12, "codename": "view_productimage"}}, {"model": "auth.permission", "pk": 49, "fields": {"name": "Can add laptop param", "content_type": 13, "codename": "add_laptopparam"}}, {"model": "auth.permission", "pk": 50, "fields": {"name": "Can change laptop param", "content_type": 13, "codename": "change_laptopparam"}}, {"model": "auth.permission", "pk": 51, "fields": {"name": "Can delete laptop param", "content_type": 13, "codename": "delete_laptopparam"}}, {"model": "auth.permission", "pk": 52, "fields": {"name": "Can view laptop param", "content_type": 13, "codename": "view_laptopparam"}}, {"model": "auth.permission", "pk": 53, "fields": {"name": "Can add kv store", "content_type": 14, "codename": "add_kvstore"}}, {"model": "auth.permission", "pk": 54, "fields": {"name": "Can change kv store", "content_type": 14, "codename": "change_kvstore"}}, {"model": "auth.permission", "pk": 55, "fields": {"name": "Can delete kv store", "content_type": 14, "codename": "delete_kvstore"}}, {"model": "auth.permission", "pk": 56, "fields": {"name": "Can view kv store", "content_type": 14, "codename": "view_kvstore"}}, {"model": "auth.permission", "pk": 57, "fields": {"name": "Can add product order detail", "content_type": 15, "codename": "add_productorderdetail"}}, {"model": "auth.permission", "pk": 58, "fields": {"name": "Can change product order detail", "content_type": 15, "codename": "change_productorderdetail"}}, {"model": "auth.permission", "pk": 59, "fields": {"name": "Can delete product order detail", "content_type": 15, "codename": "delete_productorderdetail"}}, {"model": "auth.permission", "pk": 60, "fields": {"name": "Can view product order detail", "content_type": 15, "codename": "view_productorderdetail"}}, {"model": "auth.permission", "pk": 61, "fields": {"name": "Can add cart", "content_type": 16, "codename": "add_cart"}}, {"model": "auth.permission", "pk": 62, "fields": {"name": "Can change cart", "content_type": 16, "codename": "change_cart"}}, {"model": "auth.permission", "pk": 63, "fields": {"name": "Can delete cart", "content_type": 16, "codename": "delete_cart"}}, {"model": "auth.permission", "pk": 64, "fields": {"name": "Can view cart", "content_type": 16, "codename": "view_cart"}}, {"model": "auth.permission", "pk": 65, "fields": {"name": "Can add cors model", "content_type": 17, "codename": "add_corsmodel"}}, {"model": "auth.permission", "pk": 66, "fields": {"name": "Can change cors model", "content_type": 17, "codename": "change_corsmodel"}}, {"model": "auth.permission", "pk": 67, "fields": {"name": "Can delete cors model", "content_type": 17, "codename": "delete_corsmodel"}}, {"model": "auth.permission", "pk": 68, "fields": {"name": "Can view cors model", "content_type": 17, "codename": "view_corsmodel"}}, {"model": "auth.user", "pk": 1, "fields": {"password": "pbkdf2_sha256$180000$eotitJ7YvRpX$jlu/QTecAWSGVft+0HJI7midrULSoKc0SZSAa7v9rvM=", "last_login": "2020-09-06T13:32:10.729Z", "is_superuser": true, "username": "maxaliev", "first_name": "", "last_name": "", "email": "", "is_staff": true, "is_active": true, "date_joined": "2020-07-25T11:50:21Z", "groups": [], "user_permissions": []}}, {"model": "store.order", "pk": 2, "fields": {"buyer": 1, "payment_method": "On receipt", "shipping_method": "Pickup", "status": "In process", "total_price": 0, "products": [1]}}, {"model": "store.order", "pk": 3, "fields": {"buyer": 1, "payment_method": "On receipt", "shipping_method": "Pickup", "status": "In process", "total_price": 297160, "products": [1, 2]}}, {"model": "store.order", "pk": 4, "fields": {"buyer": null, "payment_method": "On receipt", "shipping_method": "Pickup", "status": "In process", "total_price": 0, "products": []}}, {"model": "store.order", "pk": 5, "fields": {"buyer": null, "payment_method": "On receipt", "shipping_method": "Pickup", "status": "In process", "total_price": 0, "products": []}}, {"model": "store.order", "pk": 6, "fields": {"buyer": null, "payment_method": "On receipt", "shipping_method": "Pickup", "status": "In process", "total_price": 0, "products": []}}, {"model": "store.order", "pk": 7, "fields": {"buyer": null, "payment_method": "On receipt", "shipping_method": "Pickup", "status": "In process", "total_price": 40, "products": [2]}}, {"model": "store.order", "pk": 8, "fields": {"buyer": null, "payment_method": "On receipt", "shipping_method": "Pickup", "status": "In process", "total_price": 0, "products": []}}, {"model": "store.order", "pk": 9, "fields": {"buyer": null, "payment_method": "On receipt", "shipping_method": "Pickup", "status": "In process", "total_price": 19850, "products": [1, 2]}}, {"model": "store.order", "pk": 10, "fields": {"buyer": null, "payment_method": "On receipt", "shipping_method": "Pickup", "status": "In process", "total_price": 10, "products": [2]}}, {"model": "store.order", "pk": 11, "fields": {"buyer": null, "payment_method": "On receipt", "shipping_method": "Pickup", "status": "In process", "total_price": 0, "products": []}}, {"model": "store.order", "pk": 12, "fields": {"buyer": null, "payment_method": "On receipt", "shipping_method": "Pickup", "status": "In process", "total_price": 19820, "products": [1, 2]}}, {"model": "store.order", "pk": 13, "fields": {"buyer": 1, "payment_method": "On receipt", "shipping_method": "Pickup", "status": "In process", "total_price": 10, "products": [2]}}, {"model": "store.order", "pk": 14, "fields": {"buyer": 1, "payment_method": "On receipt", "shipping_method": "Pickup", "status": "In process", "total_price": 0, "products": []}}, {"model": "store.order", "pk": 15, "fields": {"buyer": 1, "payment_method": "On receipt", "shipping_method": "Pickup", "status": "In process", "total_price": 10, "products": [2]}}, {"model": "store.order", "pk": 16, "fields": {"buyer": null, "payment_method": "On receipt", "shipping_method": "Pickup", "status": "In process", "total_price": 19810, "products": [1, 2]}}, {"model": "store.order", "pk": 17, "fields": {"buyer": 1, "payment_method": "On receipt", "shipping_method": "Pickup", "status": "In process", "total_price": 19800, "products": [1]}}, {"model": "store.order", "pk": 18, "fields": {"buyer": null, "payment_method": "On receipt", "shipping_method": "Pickup", "status": "In process", "total_price": 19800, "products": [1]}}, {"model": "store.order", "pk": 19, "fields": {"buyer": null, "payment_method": "On receipt", "shipping_method": "Pickup", "status": "In process", "total_price": 0, "products": []}}, {"model": "store.order", "pk": 20, "fields": {"buyer": null, "payment_method": "Emoney", "shipping_method": "Pickup", "status": "In process", "total_price": 0, "products": []}}, {"model": "store.order", "pk": 21, "fields": {"buyer": null, "payment_method": "Emoney", "shipping_method": "Pickup", "status": "In process", "total_price": 0, "products": []}}, {"model": "store.order", "pk": 22, "fields": {"buyer": null, "payment_method": "On receipt", "shipping_method": "Russia's post", "status": "In process", "total_price": 0, "products": []}}, {"model": "store.order", "pk": 23, "fields": {"buyer": null, "payment_method": "On receipt", "shipping_method": "City courier delivery", "status": "In process", "total_price": 0, "products": []}}, {"model": "store.order", "pk": 26, "fields": {"buyer": null, "payment_method": "On receipt", "shipping_method": "Pickup", "status": "In process", "total_price": 19800, "products": [1]}}, {"model": "store.order", "pk": 27, "fields": {"buyer": 1, "payment_method": "On receipt", "shipping_method": "Pickup", "status": "In process", "total_price": 0, "products": []}}, {"model": "store.order", "pk": 28, "fields": {"buyer": null, "payment_method": "On receipt", "shipping_method": "Pickup", "status": "In process", "total_price": 19800, "products": [1]}}, {"model": "store.order", "pk": 29, "fields": {"buyer": 1, "payment_method": "On receipt", "shipping_method": "Pickup", "status": "In process", "total_price": 19800, "products": [1]}}, {"model": "store.order", "pk": 32, "fields": {"buyer": null, "payment_method": "On receipt", "shipping_method": "Pickup", "status": "In process", "total_price": 19801, "products": [1, 2]}}, {"model": "store.order", "pk": 33, "fields": {"buyer": null, "payment_method": "On receipt", "shipping_method": "Pickup", "status": "In process", "total_price": 1, "products": [2]}}, {"model": "store.order", "pk": 34, "fields": {"buyer": null, "payment_method": "On receipt", "shipping_method": "Pickup", "status": "In process", "total_price": 1, "products": [2]}}, {"model": "store.order", "pk": 35, "fields": {"buyer": 1, "payment_method": "On receipt", "shipping_method": "Pickup", "status": "In process", "total_price": 1, "products": [2]}}, {"model": "admin.logentry", "pk": 1, "fields": {"action_time": "2020-07-25T12:01:26.508Z", "user": 1, "content_type": 7, "object_id": "1", "object_repr": "PC", "action_flag": 1, "change_message": "[{\"added\": {}}]"}}, {"model": "admin.logentry", "pk": 2, "fields": {"action_time": "2020-07-25T12:01:40.134Z", "user": 1, "content_type": 7, "object_id": "2", "object_repr": "PC->Laptops", "action_flag": 1, "change_message": "[{\"added\": {}}]"}}, {"model": "admin.logentry", "pk": 3, "fields": {"action_time": "2020-07-25T12:31:55.916Z", "user": 1, "content_type": 8, "object_id": "1", "object_repr": "HP", "action_flag": 1, "change_message": "[{\"added\": {}}]"}}, {"model": "admin.logentry", "pk": 4, "fields": {"action_time": "2020-07-25T12:37:05.763Z", "user": 1, "content_type": 7, "object_id": "2", "object_repr": "PC->Laptops", "action_flag": 2, "change_message": "[{\"added\": {\"name\": \"product\", \"object\": \"hp pavillion\"}}]"}}, {"model": "admin.logentry", "pk": 5, "fields": {"action_time": "2020-07-25T12:37:16.094Z", "user": 1, "content_type": 7, "object_id": "2", "object_repr": "PC->Laptops", "action_flag": 2, "change_message": "[{\"changed\": {\"name\": \"product\", \"object\": \"hp pavillion\", \"fields\": [\"In stock amount\", \"Warehouse amount\"]}}]"}}, {"model": "admin.logentry", "pk": 6, "fields": {"action_time": "2020-07-25T12:37:37.328Z", "user": 1, "content_type": 7, "object_id": "2", "object_repr": "PC->Laptops", "action_flag": 2, "change_message": "[{\"changed\": {\"name\": \"product\", \"object\": \"hp pavillion\", \"fields\": [\"Price\"]}}]"}}, {"model": "admin.logentry", "pk": 7, "fields": {"action_time": "2020-07-25T12:42:47.055Z", "user": 1, "content_type": 7, "object_id": "2", "object_repr": "PC->Laptops", "action_flag": 2, "change_message": "[{\"changed\": {\"name\": \"product\", \"object\": \"hp pavillion\", \"fields\": [\"Sale percent\"]}}]"}}, {"model": "admin.logentry", "pk": 8, "fields": {"action_time": "2020-07-25T12:46:01.632Z", "user": 1, "content_type": 7, "object_id": "3", "object_repr": "Cameras", "action_flag": 1, "change_message": "[{\"added\": {}}]"}}, {"model": "admin.logentry", "pk": 9, "fields": {"action_time": "2020-07-25T12:50:35.632Z", "user": 1, "content_type": 8, "object_id": "2", "object_repr": "DELL", "action_flag": 1, "change_message": "[{\"added\": {}}]"}}, {"model": "admin.logentry", "pk": 10, "fields": {"action_time": "2020-07-25T12:51:26.610Z", "user": 1, "content_type": 10, "object_id": "2", "object_repr": "dell laptop", "action_flag": 1, "change_message": "[{\"added\": {}}]"}}, {"model": "admin.logentry", "pk": 11, "fields": {"action_time": "2020-07-25T12:51:33.022Z", "user": 1, "content_type": 10, "object_id": "2", "object_repr": "dell laptop", "action_flag": 2, "change_message": "[{\"changed\": {\"fields\": [\"Category\"]}}]"}}, {"model": "admin.logentry", "pk": 12, "fields": {"action_time": "2020-07-25T12:51:39.231Z", "user": 1, "content_type": 10, "object_id": "2", "object_repr": "dell laptop", "action_flag": 2, "change_message": "[{\"changed\": {\"fields\": [\"Category\"]}}]"}}, {"model": "admin.logentry", "pk": 13, "fields": {"action_time": "2020-07-25T12:55:58.629Z", "user": 1, "content_type": 10, "object_id": "2", "object_repr": "dell laptop", "action_flag": 2, "change_message": "[{\"changed\": {\"fields\": [\"Category\"]}}]"}}, {"model": "admin.logentry", "pk": 14, "fields": {"action_time": "2020-07-25T20:49:54.190Z", "user": 1, "content_type": 9, "object_id": "1", "object_repr": "Order object (1)", "action_flag": 1, "change_message": "[{\"added\": {}}]"}}, {"model": "admin.logentry", "pk": 15, "fields": {"action_time": "2020-07-25T20:53:59.859Z", "user": 1, "content_type": 9, "object_id": "1", "object_repr": "Order object (1)", "action_flag": 3, "change_message": ""}}, {"model": "admin.logentry", "pk": 16, "fields": {"action_time": "2020-07-25T20:59:29.556Z", "user": 1, "content_type": 9, "object_id": "2", "object_repr": "Order object (2)", "action_flag": 1, "change_message": "[{\"added\": {}}]"}}, {"model": "admin.logentry", "pk": 17, "fields": {"action_time": "2020-07-25T20:59:43.974Z", "user": 1, "content_type": 9, "object_id": "2", "object_repr": "Order object (2)", "action_flag": 2, "change_message": "[]"}}, {"model": "admin.logentry", "pk": 18, "fields": {"action_time": "2020-07-25T20:59:53.595Z", "user": 1, "content_type": 9, "object_id": "2", "object_repr": "Order object (2)", "action_flag": 2, "change_message": "[]"}}, {"model": "admin.logentry", "pk": 19, "fields": {"action_time": "2020-07-25T21:00:04.588Z", "user": 1, "content_type": 9, "object_id": "2", "object_repr": "Order object (2)", "action_flag": 2, "change_message": "[{\"added\": {\"name\": \"product order amount\", \"object\": \"ProductOrderAmount object (1)\"}}, {\"added\": {\"name\": \"product order amount\", \"object\": \"ProductOrderAmount object (2)\"}}]"}}, {"model": "admin.logentry", "pk": 20, "fields": {"action_time": "2020-07-26T18:06:57.627Z", "user": 1, "content_type": 9, "object_id": "2", "object_repr": "Order object (2)", "action_flag": 2, "change_message": "[{\"changed\": {\"fields\": [\"Product\"]}}]"}}, {"model": "admin.logentry", "pk": 21, "fields": {"action_time": "2020-07-26T18:07:12.699Z", "user": 1, "content_type": 9, "object_id": "2", "object_repr": "Order object (2)", "action_flag": 2, "change_message": "[{\"changed\": {\"fields\": [\"Product\"]}}, {\"changed\": {\"name\": \"product order amount\", \"object\": \"ProductOrderAmount object (1)\", \"fields\": [\"Product\"]}}, {\"changed\": {\"name\": \"product order amount\", \"object\": \"ProductOrderAmount object (2)\", \"fields\": [\"Product\"]}}]"}}, {"model": "admin.logentry", "pk": 22, "fields": {"action_time": "2020-07-26T18:07:24.505Z", "user": 1, "content_type": 9, "object_id": "2", "object_repr": "Order object (2)", "action_flag": 2, "change_message": "[{\"deleted\": {\"name\": \"product order amount\", \"object\": \"ProductOrderAmount object (None)\"}}]"}}, {"model": "admin.logentry", "pk": 23, "fields": {"action_time": "2020-07-26T18:07:26.973Z", "user": 1, "content_type": 9, "object_id": "2", "object_repr": "Order object (2)", "action_flag": 2, "change_message": "[]"}}, {"model": "admin.logentry", "pk": 24, "fields": {"action_time": "2020-07-26T18:36:06.865Z", "user": 1, "content_type": 9, "object_id": "2", "object_repr": "Order object (2)", "action_flag": 2, "change_message": "[{\"changed\": {\"fields\": [\"Product\"]}}]"}}, {"model": "admin.logentry", "pk": 25, "fields": {"action_time": "2020-07-26T18:51:40.958Z", "user": 1, "content_type": 9, "object_id": "2", "object_repr": "Order object (2)", "action_flag": 2, "change_message": "[]"}}, {"model": "admin.logentry", "pk": 26, "fields": {"action_time": "2020-07-26T18:51:48.350Z", "user": 1, "content_type": 9, "object_id": "2", "object_repr": "Order object (2)", "action_flag": 2, "change_message": "[{\"changed\": {\"fields\": [\"Product\"]}}]"}}, {"model": "admin.logentry", "pk": 27, "fields": {"action_time": "2020-07-26T18:51:52.665Z", "user": 1, "content_type": 9, "object_id": "2", "object_repr": "Order object (2)", "action_flag": 2, "change_message": "[]"}}, {"model": "admin.logentry", "pk": 28, "fields": {"action_time": "2020-07-26T18:51:56.098Z", "user": 1, "content_type": 9, "object_id": "2", "object_repr": "Order object (2)", "action_flag": 2, "change_message": "[{\"changed\": {\"name\": \"product order amount\", \"object\": \"ProductOrderAmount object (1)\", \"fields\": [\"Product\"]}}]"}}, {"model": "admin.logentry", "pk": 29, "fields": {"action_time": "2020-07-26T18:52:00.151Z", "user": 1, "content_type": 9, "object_id": "2", "object_repr": "Order object (2)", "action_flag": 2, "change_message": "[{\"changed\": {\"fields\": [\"Product\"]}}]"}}, {"model": "admin.logentry", "pk": 30, "fields": {"action_time": "2020-07-26T18:52:06.359Z", "user": 1, "content_type": 9, "object_id": "2", "object_repr": "Order object (2)", "action_flag": 2, "change_message": "[{\"changed\": {\"fields\": [\"Product\"]}}, {\"deleted\": {\"name\": \"product order amount\", \"object\": \"ProductOrderAmount object (None)\"}}]"}}, {"model": "admin.logentry", "pk": 31, "fields": {"action_time": "2020-07-26T18:52:29.077Z", "user": 1, "content_type": 9, "object_id": "2", "object_repr": "Order object (2)", "action_flag": 2, "change_message": "[{\"changed\": {\"fields\": [\"Product\"]}}]"}}, {"model": "admin.logentry", "pk": 32, "fields": {"action_time": "2020-07-26T18:56:40.628Z", "user": 1, "content_type": 9, "object_id": "2", "object_repr": "Order object (2)", "action_flag": 2, "change_message": "[]"}}, {"model": "admin.logentry", "pk": 33, "fields": {"action_time": "2020-07-26T18:58:36.055Z", "user": 1, "content_type": 9, "object_id": "2", "object_repr": "Order object (2)", "action_flag": 2, "change_message": "[{\"added\": {\"name\": \"product order amount\", \"object\": \"ProductOrderAmount object (1)\"}}]"}}, {"model": "admin.logentry", "pk": 34, "fields": {"action_time": "2020-07-26T18:58:43.440Z", "user": 1, "content_type": 9, "object_id": "2", "object_repr": "Order object (2)", "action_flag": 2, "change_message": "[{\"changed\": {\"fields\": [\"Product\"]}}]"}}, {"model": "admin.logentry", "pk": 35, "fields": {"action_time": "2020-07-26T19:00:26.903Z", "user": 1, "content_type": 9, "object_id": "2", "object_repr": "Order object (2)", "action_flag": 2, "change_message": "[{\"added\": {\"name\": \"product order amount\", \"object\": \"ProductOrderAmount object (2)\"}}]"}}, {"model": "admin.logentry", "pk": 36, "fields": {"action_time": "2020-07-26T19:03:47.404Z", "user": 1, "content_type": 4, "object_id": "1", "object_repr": "maxaliev", "action_flag": 2, "change_message": "[{\"added\": {\"name\": \"order\", \"object\": \"Order object (3)\"}}]"}}, {"model": "admin.logentry", "pk": 37, "fields": {"action_time": "2020-07-27T11:15:39.616Z", "user": 1, "content_type": 10, "object_id": "1", "object_repr": "hp pavillion", "action_flag": 2, "change_message": "[]"}}, {"model": "admin.logentry", "pk": 38, "fields": {"action_time": "2020-07-27T11:43:33.233Z", "user": 1, "content_type": 10, "object_id": "1", "object_repr": "hp pavillion", "action_flag": 2, "change_message": "[{\"added\": {\"name\": \"product image\", \"object\": \"Image #1\"}}, {\"added\": {\"name\": \"product image\", \"object\": \"Image #2\"}}, {\"added\": {\"name\": \"product image\", \"object\": \"Image #3\"}}]"}}, {"model": "admin.logentry", "pk": 39, "fields": {"action_time": "2020-07-27T11:43:59.676Z", "user": 1, "content_type": 8, "object_id": "3", "object_repr": "Canon", "action_flag": 1, "change_message": "[{\"added\": {}}]"}}, {"model": "admin.logentry", "pk": 40, "fields": {"action_time": "2020-07-27T11:47:13.397Z", "user": 1, "content_type": 10, "object_id": "3", "object_repr": "Canon 550d", "action_flag": 1, "change_message": "[{\"added\": {}}, {\"added\": {\"name\": \"product image\", \"object\": \"Image #4\"}}, {\"added\": {\"name\": \"product image\", \"object\": \"Image #5\"}}]"}}, {"model": "admin.logentry", "pk": 41, "fields": {"action_time": "2020-07-27T11:49:01.969Z", "user": 1, "content_type": 10, "object_id": "1", "object_repr": "hp pavillion", "action_flag": 2, "change_message": "[{\"changed\": {\"name\": \"product image\", \"object\": \"Image #1\", \"fields\": [\"Image\"]}}, {\"changed\": {\"name\": \"product image\", \"object\": \"Image #2\", \"fields\": [\"Image\"]}}, {\"changed\": {\"name\": \"product image\", \"object\": \"Image #3\", \"fields\": [\"Image\"]}}]"}}, {"model": "admin.logentry", "pk": 42, "fields": {"action_time": "2020-07-27T12:31:13.155Z", "user": 1, "content_type": 10, "object_id": "1", "object_repr": "hp pavillion", "action_flag": 2, "change_message": "[{\"added\": {\"name\": \"laptop param\", \"object\": \"LaptopParam object (1)\"}}]"}}, {"model": "admin.logentry", "pk": 43, "fields": {"action_time": "2020-07-27T20:12:06.195Z", "user": 1, "content_type": 10, "object_id": "1", "object_repr": "hp pavillion", "action_flag": 2, "change_message": "[{\"changed\": {\"name\": \"product image\", \"object\": \"Image #1\", \"fields\": [\"Main\"]}}]"}}, {"model": "admin.logentry", "pk": 44, "fields": {"action_time": "2020-07-27T20:12:12.771Z", "user": 1, "content_type": 10, "object_id": "3", "object_repr": "Canon 550d", "action_flag": 2, "change_message": "[{\"changed\": {\"name\": \"product image\", \"object\": \"Image #4\", \"fields\": [\"Main\"]}}]"}}, {"model": "admin.logentry", "pk": 45, "fields": {"action_time": "2020-08-04T21:03:09.144Z", "user": 1, "content_type": 10, "object_id": "2", "object_repr": "dell laptop", "action_flag": 2, "change_message": "[]"}}, {"model": "admin.logentry", "pk": 46, "fields": {"action_time": "2020-08-04T21:05:23.652Z", "user": 1, "content_type": 10, "object_id": "2", "object_repr": "dell laptop", "action_flag": 2, "change_message": "[{\"changed\": {\"fields\": [\"Category\"]}}]"}}, {"model": "admin.logentry", "pk": 47, "fields": {"action_time": "2020-08-04T21:12:54.924Z", "user": 1, "content_type": 10, "object_id": "2", "object_repr": "dell laptop", "action_flag": 2, "change_message": "[{\"changed\": {\"fields\": [\"Category\"]}}]"}}, {"model": "admin.logentry", "pk": 48, "fields": {"action_time": "2020-08-04T21:15:32.132Z", "user": 1, "content_type": 10, "object_id": "2", "object_repr": "dell laptop", "action_flag": 2, "change_message": "[{\"changed\": {\"fields\": [\"Category\"]}}]"}}, {"model": "admin.logentry", "pk": 49, "fields": {"action_time": "2020-08-04T21:16:04.630Z", "user": 1, "content_type": 10, "object_id": "2", "object_repr": "dell laptop", "action_flag": 2, "change_message": "[{\"changed\": {\"fields\": [\"Category\"]}}]"}}, {"model": "admin.logentry", "pk": 50, "fields": {"action_time": "2020-08-04T21:16:16.803Z", "user": 1, "content_type": 10, "object_id": "2", "object_repr": "dell laptop", "action_flag": 2, "change_message": "[{\"changed\": {\"fields\": [\"Category\"]}}]"}}, {"model": "admin.logentry", "pk": 51, "fields": {"action_time": "2020-08-04T21:29:12.406Z", "user": 1, "content_type": 10, "object_id": "2", "object_repr": "dell laptop", "action_flag": 2, "change_message": "[{\"changed\": {\"fields\": [\"Category\"]}}]"}}, {"model": "admin.logentry", "pk": 52, "fields": {"action_time": "2020-08-06T14:02:58.591Z", "user": 1, "content_type": 9, "object_id": "2", "object_repr": "Order #2", "action_flag": 2, "change_message": "[{\"added\": {\"name\": \"product order detail\", \"object\": \"hp pavillion\"}}]"}}, {"model": "admin.logentry", "pk": 53, "fields": {"action_time": "2020-08-06T14:03:12.622Z", "user": 1, "content_type": 9, "object_id": "2", "object_repr": "Order #2", "action_flag": 2, "change_message": "[{\"changed\": {\"name\": \"product order detail\", \"object\": \"hp pavillion\", \"fields\": [\"Amount\"]}}]"}}, {"model": "admin.logentry", "pk": 54, "fields": {"action_time": "2020-08-06T14:03:30.773Z", "user": 1, "content_type": 9, "object_id": "2", "object_repr": "Order #2", "action_flag": 2, "change_message": "[]"}}, {"model": "admin.logentry", "pk": 55, "fields": {"action_time": "2020-08-06T14:04:27.038Z", "user": 1, "content_type": 9, "object_id": "2", "object_repr": "Order #2", "action_flag": 2, "change_message": "[]"}}, {"model": "admin.logentry", "pk": 56, "fields": {"action_time": "2020-08-06T14:05:22.016Z", "user": 1, "content_type": 9, "object_id": "2", "object_repr": "Order #2", "action_flag": 2, "change_message": "[]"}}, {"model": "admin.logentry", "pk": 57, "fields": {"action_time": "2020-08-06T14:05:25.641Z", "user": 1, "content_type": 9, "object_id": "2", "object_repr": "Order #2", "action_flag": 2, "change_message": "[{\"changed\": {\"name\": \"product order detail\", \"object\": \"hp pavillion\", \"fields\": [\"Amount\"]}}]"}}, {"model": "admin.logentry", "pk": 58, "fields": {"action_time": "2020-08-06T14:05:28.978Z", "user": 1, "content_type": 9, "object_id": "2", "object_repr": "Order #2", "action_flag": 2, "change_message": "[{\"changed\": {\"name\": \"product order detail\", \"object\": \"hp pavillion\", \"fields\": [\"Amount\"]}}]"}}, {"model": "admin.logentry", "pk": 59, "fields": {"action_time": "2020-08-16T14:27:16.194Z", "user": 1, "content_type": 9, "object_id": "3", "object_repr": "Order #3", "action_flag": 2, "change_message": "[]"}}, {"model": "admin.logentry", "pk": 60, "fields": {"action_time": "2020-08-16T14:39:51.846Z", "user": 1, "content_type": 9, "object_id": "3", "object_repr": "Order #3", "action_flag": 2, "change_message": "[{\"added\": {\"name\": \"product order detail\", \"object\": \"hp pavillion\"}}]"}}, {"model": "admin.logentry", "pk": 61, "fields": {"action_time": "2020-08-16T14:40:01.028Z", "user": 1, "content_type": 9, "object_id": "3", "object_repr": "Order #3", "action_flag": 2, "change_message": "[]"}}, {"model": "admin.logentry", "pk": 62, "fields": {"action_time": "2020-08-16T14:40:12.669Z", "user": 1, "content_type": 9, "object_id": "3", "object_repr": "Order #3", "action_flag": 2, "change_message": "[]"}}, {"model": "admin.logentry", "pk": 63, "fields": {"action_time": "2020-08-16T14:40:46.046Z", "user": 1, "content_type": 10, "object_id": "2", "object_repr": "dell laptop", "action_flag": 2, "change_message": "[{\"changed\": {\"fields\": [\"Price\"]}}]"}}, {"model": "admin.logentry", "pk": 64, "fields": {"action_time": "2020-08-16T14:40:53.635Z", "user": 1, "content_type": 9, "object_id": "3", "object_repr": "Order #3", "action_flag": 2, "change_message": "[]"}}, {"model": "admin.logentry", "pk": 65, "fields": {"action_time": "2020-08-16T14:40:57.423Z", "user": 1, "content_type": 9, "object_id": "3", "object_repr": "Order #3", "action_flag": 2, "change_message": "[{\"changed\": {\"name\": \"product order detail\", \"object\": \"dell laptop\", \"fields\": [\"Amount\"]}}]"}}, {"model": "admin.logentry", "pk": 66, "fields": {"action_time": "2020-08-16T14:42:38.585Z", "user": 1, "content_type": 9, "object_id": "3", "object_repr": "Order #3", "action_flag": 2, "change_message": "[]"}}, {"model": "admin.logentry", "pk": 67, "fields": {"action_time": "2020-08-16T14:42:46.671Z", "user": 1, "content_type": 9, "object_id": "2", "object_repr": "Order #2", "action_flag": 2, "change_message": "[{\"changed\": {\"fields\": [\"Products\"]}}]"}}, {"model": "admin.logentry", "pk": 68, "fields": {"action_time": "2020-08-16T14:43:10.689Z", "user": 1, "content_type": 9, "object_id": "4", "object_repr": "Order #4", "action_flag": 1, "change_message": "[{\"added\": {}}]"}}, {"model": "admin.logentry", "pk": 69, "fields": {"action_time": "2020-08-16T14:45:26.317Z", "user": 1, "content_type": 9, "object_id": "4", "object_repr": "Order #4", "action_flag": 3, "change_message": ""}}, {"model": "admin.logentry", "pk": 70, "fields": {"action_time": "2020-08-16T14:51:58.856Z", "user": 1, "content_type": 9, "object_id": "3", "object_repr": "Order #3", "action_flag": 2, "change_message": "[]"}}, {"model": "admin.logentry", "pk": 71, "fields": {"action_time": "2020-08-16T14:57:54.327Z", "user": 1, "content_type": 9, "object_id": "3", "object_repr": "Order #3", "action_flag": 2, "change_message": "[]"}}, {"model": "admin.logentry", "pk": 72, "fields": {"action_time": "2020-08-16T15:06:29.301Z", "user": 1, "content_type": 9, "object_id": "3", "object_repr": "Order #3", "action_flag": 2, "change_message": "[{\"changed\": {\"name\": \"product order detail\", \"object\": \"dell laptop\", \"fields\": [\"Amount\"]}}]"}}, {"model": "admin.logentry", "pk": 73, "fields": {"action_time": "2020-08-16T15:06:31.812Z", "user": 1, "content_type": 9, "object_id": "3", "object_repr": "Order #3", "action_flag": 2, "change_message": "[]"}}, {"model": "admin.logentry", "pk": 74, "fields": {"action_time": "2020-08-16T15:06:36.472Z", "user": 1, "content_type": 9, "object_id": "3", "object_repr": "Order #3", "action_flag": 2, "change_message": "[{\"changed\": {\"name\": \"product order detail\", \"object\": \"dell laptop\", \"fields\": [\"Amount\"]}}]"}}, {"model": "admin.logentry", "pk": 75, "fields": {"action_time": "2020-08-16T15:06:43.278Z", "user": 1, "content_type": 9, "object_id": "3", "object_repr": "Order #3", "action_flag": 2, "change_message": "[]"}}, {"model": "admin.logentry", "pk": 76, "fields": {"action_time": "2020-08-26T10:54:33.134Z", "user": 1, "content_type": 9, "object_id": "18", "object_repr": "Order #18", "action_flag": 2, "change_message": "[{\"changed\": {\"fields\": [\"Payment method\"]}}]"}}, {"model": "admin.logentry", "pk": 77, "fields": {"action_time": "2020-09-02T12:51:55.159Z", "user": 1, "content_type": 9, "object_id": "24", "object_repr": "Order #24", "action_flag": 2, "change_message": "[]"}}, {"model": "admin.logentry", "pk": 78, "fields": {"action_time": "2020-09-06T13:32:26.300Z", "user": 1, "content_type": 10, "object_id": "2", "object_repr": "dell laptop", "action_flag": 2, "change_message": "[{\"changed\": {\"fields\": [\"Price\"]}}]"}}]